Slide_No,State,District,Latitude,Longitude,Actual_Material,Predicted_Material,Confidence,Movement_Class,Is_Highway
MZ/AZL/84A10/2024/105,Mizoram,Aizawl,23.53111111,92.73361111,Debris,Debris,0.8178004101567689,Slide,0
AP/WSG/83I09/2021/113,Arunachal Pradesh,West Siang,27.703222,94.67275,Rock,Rock,0.7508520372353517,Slide,1
NL/KOH/83K02/2023/10,Nagaland,Kohima,25.67776,94.1390317,Debris,Debris,0.8215403704819788,Slide,1
NL/PER/83G11/2022/040,Nagaland,Peren,25.56335,93.737232,Debris,Debris,0.5941871165506575,Slide,1
SKM/Gangtok/78A11/2022,Sikkim,Gangtok District,27.2535,88.54141667,Debris,Debris,0.8699247844995408,Slide,1
AP/DV/82P/13/2022/LS-137,Arunachal Pradesh,Dibang Valley,28.868037,95.983398,Earth,Debris,0.8169512460989005,Slide,1
MN/PZL/83H02/2020/45,Manipur,Pherzawl,24.52,93.09,Debris,Debris,0.9473558793161126,Slide,1
AR/US/82P04/2022/013,Arunachal Pradesh,Upper Siang,28.013167,95.239333,Soil,Debris,0.651603851866116,Slide,0
ME/EWK/2026/58,Meghalaya,Eastern-West Khasi Hill,25.770935,91.656497,Debris,Debris,0.948959187983829,Slide,1
MIZ/AZL/2024/500,Mizoram,Aizawl,23.44333333,92.68527778,Debris,Debris,0.9492997641412451,Slide,0
MEG/WJH/83C4/2016/99,Meghalaya,East Jaintia Hills,25.083361,92.361083,Debris,Debris,0.5444613783532541,Slide,1
6843,Arunachal Pradesh,Papum Pare,27.166107,93.750907,Debris,Debris,0.9656913865908772,Slide,0
AP/E-Siang/82P8/2021/LS8,Arunachal Pradesh,East Siang,28.099858,95.282975,Debris,Debris,0.9284974914234191,Slide,1
MZ/AZL/84A10/2024/071,Mizoram,Aizawl,23.67583333,92.715,Debris,Debris,0.8783705038297343,Slide,0
NG/TUE/83J15/2017/15,Nagaland,Tuensang,26.276667,94.8275,Debris,Debris,0.6573726325268593,Slide,1
MN/KAM/83L09/2017/35,Manipur,Kamjong,24.938806,94.549278,Rock,Debris,0.6021025010044632,Slide,0
MN/TAM/83H09/2018/27,Manipur,Tamenglong,24.97775,93.502639,Debris,Debris,0.7624442889188463,Slide,1
MZ/CHA/84E02/2017/0113,Mizoram,Champhai,23.633591,93.048668,Soil,Debris,0.7249349961420272,Flow,1
MZ/AIZ/84A11/2016/103,Mizoram,Aizawl,23.470198,92.693264,Rock,Rock,0.6885606156580684,Slide,1
SKM/ES/78A12/2015/105,Sikkim,East Sikkim,27.190833,88.596889,Debris,Debris,0.9461391203004572,Slide,1
MIZ/AIZ/84A13/2016/127,Mizoram,Aizawl,23.865694,92.932639,Rock,Debris,0.7348371207846414,Slide,0
MZ/MAM/83D08/2020/9,Mizoram,Mamit,24.08,92.39,Earth,Debris,0.710553665772251,Slide,0
MN/UKH/83K11/2017/27,Manipur,Ukhrul,25.289889,94.525306,Debris,Soil,0.7341461541947495,Slide,0
MG/EKH/78O11/2017/16,Meghalaya,East Khasi Hills,25.27342,91.578074,Rock,Rock,0.8529071091533237,Slide,0
MN/NON/83H05/2018/63,Manipur,Noney,24.751111,93.459361,Debris,Debris,0.8508454499425299,Slide,0
AP/LDV/82P11/2022/LS79,Arunachal Pradesh,Dibang Valley,28.85641,95.859872,Debris,Debris,0.8970880938859429,Slide,1
MG/WKH/78O03/2017/11,Meghalaya,West Khasi Hills,25.455639,91.082944,Debris,Debris,0.944522752680468,Slide,1
MIZ/AZL/2024/440,Mizoram,Aizawl,23.50611111,92.69694444,Debris,Debris,0.9259724751276399,Slide,0
NG/MON/83J14/2017/20,Nagaland,Mon,26.545,94.941389,Debris,Rock,0.559912762288637,Fall,1
AR/US/82P04/2022/021,Arunachal Pradesh,Upper Siang,28.384833,95.233806,Debris,Debris,0.7254317271368934,Slide,1
NAG/KOH/83K1/2016/046,Nagaland,Kohima,25.769417,94.037639,Debris,Debris,0.9196505757553283,Slide,0
ME/RIB/78N12/2015/104,Meghalaya,Ri-Bhoi,26.027583,91.886556,Debris,Earth,0.549129741690962,Slide,0
MZ/CHA/84E08/2017/48,Mizoram,Champhai,23.058,93.280568,Rock,Debris,0.6463696056791278,Slide,1
MZ/CHA/84E07/2017/41,Mizoram,Champhai,23.469833,93.314889,Rock,Debris,0.7166322334578633,Slide,1
MN/NON/83H10/2018/65,Manipur,Noney,24.658206,93.625503,Debris,Debris,0.9554338362433895,Slide,1
MEG/RIB/78O09/2016/36,Meghalaya,Ri-Bhoi,25.972322,91.561125,Earth,Earth,0.8731133145004605,Slide,1
NAG/KIP/83K13/2016/057,Nagaland,Kiphire,25.827397,94.907311,Debris,Debris,0.9775640650669886,Slide,0
NG/LON/83J15/2017/36,Nagaland,Longleng,26.424167,94.863889,Debris,Debris,0.9273629827123419,Slide,1
NL/KOH/83K02/2024/007,Nagaland,Kohima,25.538422,94.136039,Debris,Debris,0.7064285930179814,Slide,1
SKM/SS/78A08/2015/248,Sikkim,South Sikkim,27.096444,88.433375,Debris,Debris,0.9360762847143885,Slide,1
MN/TEN/83L03/2018/79,Manipur,Tengnoupal,24.499014,94.154514,Debris,Debris,0.7187131331901889,Slide,1
MIZ/SER/84A16/2025/148,Mizoram,Serchhip,23.243855,92.905242,Debris,Debris,0.7659562039413644,Slide,0
AS/JOR/83J06/2020/1,Assam,Jorhat,26.6,94.34,Rock,Debris,0.512154745178558,Slide,0
AP/KD/83E09/2021/40,Arunachal Pradesh,Kra Daadi,27.772194,93.59325,Debris,Debris,0.946935011665311,Slide,0
MG/WKH/78O02/2017/78,Meghalaya,West Khasi Hills,25.649856,91.154383,Debris,Debris,0.8508684311538859,Slide,1
MIZ/AZL/2024/275,Mizoram,Aizawl,23.67305556,92.72333333,Rock,Debris,0.9465583013098546,Other,0
MG/WGH/78G14/2020/4,Meghalaya,West Garo Hills,25.53,89.98,Debris,Debris,0.8418561107733971,Slide,1
NG/LON/83J14/2017/11,Nagaland,Longleng,26.556111,94.783333,Debris,Debris,0.8704247316045345,Slide,0
3379,Nagaland,Mokokchung,26.4527822,94.375268,Soil,Debris,0.49617362493495554,Slide,0
MZ/LUN/84A12/2018/40,Mizoram,Lunglei,23.145231,92.687721,Debris,Debris,0.7671417024103813,Slide,1
AP/LSB/83E14/2021/38,Arunachal Pradesh,Lower Subansiri,27.656,93.877472,Soil,Debris,0.8936126075522998,Slide,1
AR/CHNG/83M12/2022/045,Arunachal Pradesh,Changlang,27.112268,95.736125,Rock,Debris,0.6551177504535552,Slide,1
NL/KOH/83K02/2022/018,Nagaland,Kohima,25.64501,94.032825,Debris,Debris,0.8591045376234802,Slide,1
MIZ/LUNG/84A12/2025/037,Mizoram,Lunglei,23.193468,92.734849,Debris,Debris,0.828260589975001,Slide,1
SI/GTK/78A11/2025/03,Sikkim,Gangtok District,27.33787,88.609377,Debris,Debris,0.7976705844908057,Slide,0
MIZ/LUN/84A16/2025/121,Mizoram,Lunglei,23.139887,92.751646,Debris,Debris,0.8351066878849688,Slide,0
MAN/SEN/83K04/2015/101,Manipur,Senapati,25.044111,94.233778,Debris,Debris,0.8942117150788389,Slide,0
MAN/SEN/83G16/2015/51,Manipur,Senapati,25.126361,93.901333,Debris,Debris,0.8237449384280776,Slide,0
NAG/ZUNH/83J08/2015/ 0071,Nagaland,Zunheboto,26.1785,94.411778,Debris,Rock,0.8988808555043281,Slide,1
SKM/NS/78A04/2017/122,Sikkim,West Sikkim,27.128694,88.141639,Debris,Debris,0.7741333913030174,Slide,1
SKM/ES/78A11/2015/139,Sikkim,East Sikkim,27.375833,88.726722,Rock,Debris,0.95989788815091,Slide,1
SKM/NS/78A10/2017/196,Sikkim,North Sikkim,27.54375,88.58475,Debris,Debris,0.9123990984352168,Slide,1
SKM/NS/78A10/2017/198,Sikkim,North Sikkim,27.611333,88.655222,Debris,Debris,0.9504626502143506,Slide,1
MEG/RIB/78O09/2016/54,Meghalaya,Ri-Bhoi,25.934889,91.714389,Earth,Earth,0.8982067932886996,Slide,1
NG/NOK/83N04/2017/45,Nagaland,Noklak,26.112611,95.039028,Rock,Debris,0.8215924488873608,Slide,0
NG/KOH/83K2/2015/136,Nagaland,Kohima,25.682,94.094,Debris,Debris,0.9374718279260199,Slide,0
NAG/WOKH/83J08/2015/0030,Nagaland,Wokha,26.089806,94.349306,Rock,Rock,0.8780146189907025,Slide,1
MIZ/KOL/2024/880,Mizoram,Kolasib,24.5716,93.17273056,Debris,Debris,0.9042819008108167,Slide,0
MZ/LAW/84B14/2018/15,Mizoram,Lawngtlai,22.552301,92.883888,Rock,Debris,0.9550213142958847,Slide,1
MAN/TAM/83G12/2017/0002,Manipur,Tamenglong,25.167917,93.749083,Debris,Debris,0.9040833949423581,Slide,0
MZ/LUN/84A12/2018/64,Mizoram,Lunglei,23.204981,92.57457,Rock,Debris,0.43140166986942824,Slide,1
NAG/KOH/83K1/2016/054,Nagaland,Kohima,25.750583,94.180833,Debris,Debris,0.9499342046339545,Slide,0
MN/UKH/83L01/2018/5,Manipur,Ukhrul,24.940611,94.1515,Soil,Debris,0.6872715044240586,Slide,1
NAG/KOH/83K02/2008/F-3A,Nagaland,Kohima,25.66083,94.10278,Debris,Rock,0.6500552764528754,Fall,0
MZ-29/2010-12,Mizoram,Chhituipui,22.48541667,92.98238889,Other,Other,0.8068488442748539,Other,0
NG/NOK/83N04/2017/54,Nagaland,Noklak,26.045083,95.054833,Debris,Debris,0.7753747997710968,Slide,0
ME/EKJ/78O15/2015/92,Meghalaya,East Khasi Hills,25.391723,91.871851,Rock,Rock,0.7282035994031721,Slide,1
AP/PAP/83E12/2021/69,Arunachal Pradesh,Papum Pare,27.207583,93.615667,Debris,Debris,0.8630319449000283,Slide,0
MZ/LAW/84B14/2018/46,Mizoram,Lawngtlai,22.525,92.864998,Debris,Debris,0.9607203439472833,Slide,1
AS/HKN/83D11/2020/2,Assam,Hailakandi,24.46,92.52,Debris,Debris,0.7328279289161534,Slide,0
NG/KOH/83G14/2015/2,Nagaland,Kohima,25.645,93.992,Debris,Debris,0.6835868259964513,Slide,0
"Sikkim/ North District/
78A/11/2020/03",Sikkim,North Sikkim,27.39838889,88.62566667,Debris,Debris,0.41388173673177164,Slide,1
MIZ/MAM/84A09/2016/128,Mizoram,Mamit,23.757805,92.561473,Debris,Debris,0.838953239560807,Slide,0
MZ/LUN/84A12/2018/72,Mizoram,Lunglei,23.145,92.613693,Rock,Rock,0.9066618582415746,Fall,0
NAG/KOH/83K1/2016/122,Nagaland,Kohima,25.965944,94.216972,Debris,Debris,0.8337491242684719,Slide,0
ME/EKJ/78O15/2015/90,Meghalaya,East Khasi Hills,25.394983,91.872484,Rock,Rock,0.737930831929288,Slide,1
MN/UKH/83K11/2017/96,Manipur,Ukhrul,25.413,94.541333,Debris,Debris,0.7571405196913887,Slide,0
ASM/DH/83G4/ PD/2016/28,Assam,Dima Hasao,25.15736111,93.01608333,Rock,Debris,0.8116000973758315,Slide,1
MZ/CHA/84E05/2017/27,Mizoram,Champhai,23.793417,93.387474,Debris,Debris,0.8935508850544622,Slide,0
MIZ/AZL/84A/10/2021/02,Mizoram,Aizawl,23.74190833,92.74161389,Debris,Debris,0.5745279940790969,Slide,1
ME/EKH/83C02/2015/151,Meghalaya,East Khasi Hills,25.542694,92.096472,Rock,Debris,0.564416355546879,Slide,1
AP/PP/83E12/2008/A-3,Arunachal Pradesh,Papum Pare,27.101111,93.619222,Debris,Other,0.7259606745502795,Slide,0
NG/KOH/83K2/2015/87,Nagaland,Kohima,25.686,94.119,Debris,Debris,0.9580301041208875,Slide,1
MZ/CHA/84E03/2017/38,Mizoram,Champhai,23.473778,93.239194,Rock,Debris,0.6518459347898998,Slide,0
6788,Nagaland,Zunheboto,25.916527,94.461248,Debris,Debris,0.5684861920975932,Slide,0
MIZ/KOL/2024/861,Mizoram,Kolasib,24.15817222,93.02488611,Earth,Debris,0.524295070677677,Slide,0
SK/ES/78 A07/Marchak,Sikkim,East Sikkim,27.28119444,88.58952778,Debris,Debris,0.9411727891178124,Slide,1
MZ/AIZ/84E02/2017/35,Mizoram,Aizawl,23.705262,93.008904,Rock,Rock,0.5159781543581676,Slide,1
ME/EKH/83C02/2015/183,Meghalaya,East Khasi Hills,25.569333,92.202139,Debris,Debris,0.8226044702860812,Slide,1
MAN/UKH/83K08/2015/029,Manipur,Ukhrul,25.155194,94.461278,Debris,Debris,0.6242661123939142,Slide,1
MZ/LAW/84B10/2020/40,Mizoram,Lawngtlai,22.67,92.56,Rock,Debris,0.7491516326015645,Slide,1
AP/PAP/83E11/2021/77,Arunachal Pradesh,Papum Pare,27.251806,93.504278,Debris,Soil,0.5082053554829505,Slide,1
NAG/TUN/83J16/2016/0036,Nagaland,Tuensang,26.183504,94.812894,Rock,Rock,0.9363739318841188,Fall,1
MN/CHA/83L02/2018/18,Manipur,Chandel,24.506528,94.180389,Debris,Debris,0.7304988888649685,Slide,0
NAG/KOH/83K1/2016/008,Nagaland,Kohima,25.839778,94.150333,Earth,Debris,0.9324326653890893,Slide,0
MZ/AIZ/84A11/2016/96,Mizoram,Aizawl,23.413501,92.725781,Debris,Rock,0.5529115620802132,Slide,1
MN/CDL/83H16/2020/10,Manipur,Chandel,24.22,93.88,Earth,Rock,0.5020608893789337,Slide,0
SKM/SS/78A07/2015/193,Sikkim,South Sikkim,27.255167,88.396944,Debris,Debris,0.9667194835806716,Slide,1
NAG/KOH/83K1/2016/133,Nagaland,Kohima,25.851889,94.005056,Earth,Debris,0.6033647954241643,Slide,0
AR/CHNG/83M12/2022/044,Arunachal Pradesh,Changlang,27.11587,95.733019,Rock,Rock,0.9466819908191352,Fall,1
AP/DV/82P/13/2022/LS-116,Arunachal Pradesh,Dibang Valley,28.784231,95.906188,Debris,Debris,0.9366322490441633,Slide,1
MEG/RIB/78O09/2016/49,Meghalaya,Ri-Bhoi,25.895583,91.599333,Debris,Earth,0.5537056541812142,Slide,1
MZ/CHA/84E07/2017/37,Mizoram,Champhai,23.468508,93.270788,Debris,Rock,0.5447188358375066,Slide,1
MG/EKH/78O12/2017/14,Meghalaya,East Khasi Hills,25.224654,91.735929,Debris,Debris,0.5497252568628228,Slide,1
MZ/LAW/84B15/2018/21,Mizoram,Lawngtlai,22.459,92.873001,Debris,Debris,0.9661973532377044,Slide,1
MZ/SER/84A16/2018/16,Mizoram,Serchhip,23.245819,92.798233,Soil,Debris,0.7459185037235941,Slide,1
NL/KOH/83K02/2024/009,Nagaland,Kohima,25.6032619,94.1122188,Rock,Debris,0.8188906431522415,Slide,1
MZ/MAM/83D08/2020/4,Mizoram,Mamit,24.06,92.39,Rock,Rock,0.4994771666588379,Slide,0
LS_ASM_DH_0391/2024,Assam,Dima Hasao,25.319717,93.123028,Debris,Debris,0.800154580206188,Slide,0
NL/KOH/83K02/2024/003,Nagaland,Kohima,25.52036,94.1311201,Debris,Debris,0.7954783160409508,Slide,1
MG/WKH/78O02/2017/14,Meghalaya,West Khasi Hills,25.546553,91.235222,Debris,Debris,0.6651204162404297,Slide,1
MZ/LAW/84B11/2020/20,Mizoram,Lawngtlai,22.33,92.69,Debris,Debris,0.9599416422163413,Slide,1
MZ/AIZ/84E01/2017/82,Mizoram,Aizawl,23.848083,93.076691,Soil,Rock,0.5875024552617891,Slide,1
AS/WKA/83C09/2020/14,Assam,West Karbi Anglong,25.96664,92.51636,Earth,Earth,0.5380770313278207,Slide,1
MN/TAM/83H05/2018/14,Manipur,Tamenglong,24.986333,93.494361,Debris,Debris,0.7651709078394411,Slide,0
MIZ/LUNG/84B13/2025/070,Mizoram,Lunglei,22.788323,92.833817,Debris,Debris,0.8676898303478074,Slide,1
MZ/AIZ/84E02/2017/32,Mizoram,Aizawl,23.650925,93.030704,Debris,Debris,0.5262986211006225,Slide,1
NAG/MOK/83J/7/2016/0012,Nagaland,Mokokchung,26.390972,94.438111,Debris,Debris,0.8144139431792946,Slide,0
MZ/LUN/84B13/2018/111,Mizoram,Lunglei,22.940655,92.833038,Debris,Debris,0.4470572000273093,Slide,0
ASM/DH/83G4/2016/12,Assam,Dima Hasao,25.171889,93.003944,Debris,Debris,0.8369273126061526,Slide,0
MZ/CHA/84E01/2017/46,Mizoram,Champhai,23.905027,93.185776,Rock,Debris,0.520075738601329,Slide,0
AS/DIM/83C16/2018/30,Assam,Dima Hasao,25.11286,92.87756,Soil,Debris,0.8464914529461125,Slide,0
MN/CCP/83H11/2020/38,Manipur,Churachandpur,24.36,93.65,Debris,Debris,0.88988835906725,Slide,0
MZ/AIZ/84E01/2017/112,Mizoram,Aizawl,23.7885,93.024666,Rock,Rock,0.5227487835344475,Slide,1
MG/WGH/78K06/2020/16,Meghalaya,West Garo Hills,25.56,90.37,Debris,Debris,0.8951084669972359,Slide,1
MZ/CHA/84E05/2017/8,Mizoram,Champhai,23.842167,93.373917,Debris,Debris,0.8330960135396046,Slide,0
NAG/MOKH/83J08/2015/ 0110,Nagaland,Mokokchung,26.325861,94.52275,Rock,Rock,0.5944899485243279,Slide,0
MN/CHA/83H15/2018/3,Manipur,Chandel,24.314194,93.928861,Debris,Debris,0.849031158323688,Slide,1
AR/TIR/83M12/2022/036,Arunachal Pradesh,Tirap,27.105748,95.654176,Rock,Debris,0.6050991536668376,Slide,1
MN/CDL/83H16/2020/19,Manipur,Chandel,24.11,93.91,Debris,Rock,0.5998670105274807,Slide,0
MG/EKH/78O12/2017/4,Meghalaya,East Khasi Hills,25.204882,91.742535,Debris,Debris,0.8531488506339918,Slide,1
TR/DHA/84A02/2015/16,Tripura,Dhalai,23.691167,92.055444,Rock,Debris,0.9483819549218188,Slide,1
AP/DV/82P/13/2022/LS-111,Arunachal Pradesh,Dibang Valley,28.77363,95.869239,Earth,Earth,0.6805018066927622,Slide,0
ASM/DIM/83C15/2017/07,Assam,Dima Hasao,25.51402,92.765435,Debris,Debris,0.6962909964253927,Slide,0
MZ/SAI/84B15/2018/46,Mizoram,Saiha,22.513,92.992996,Rock,Rock,0.9105423960278505,Fall,0
SK/ES/78 A11/TG-I,Sikkim,East Sikkim,27.33972222,88.62055556,Debris,Debris,0.9464268935316007,Slide,0
NG/PER/83G14/2015/11,Nagaland,Peren,25.571,93.871,Debris,Debris,0.722527061215704,Slide,0
MZ/AIZ/84A10/2015/204,Mizoram,Aizawl,23.717111,92.713972,Rock,Rock,0.7994622019063147,Slide,0
SKM/NS/78A11/2015/86,Sikkim,North Sikkim,27.433083,88.514528,Debris,Debris,0.6911944865576941,Slide,1
MN/CHA/83L03/2018/51,Manipur,Tengnoupal,24.381906,94.213136,Debris,Debris,0.7614464393815861,Slide,1
MG/WJH/83C06/2018/1,Meghalaya,West Jaintia Hills,25.578206,92.266856,Soil,Debris,0.552741119621658,Slide,0
SKM/NS/78A10/2017/195,Sikkim,North Sikkim,27.545861,88.585194,Debris,Debris,0.917328709498886,Slide,1
NAG/ZUNH/83J08/2015/ 0084,Nagaland,Zunheboto,26.195917,94.486528,Rock,Rock,0.5550898720318086,Slide,0
MIZ/LUN/84A12/2025/084,Mizoram,Lunglei,23.174341,92.740855,Debris,Debris,0.7459911235812184,Slide,1
SKM/SS/78A08/2015/196,Sikkim,South Sikkim,27.212583,88.399333,Debris,Debris,0.9434705589511164,Slide,1
AR/WSI/82L12/2021/11,Arunachal Pradesh,West Siang,28.022249,94.535672,Debris,Debris,0.942312653895474,Slide,1
MZ/LUN/84B13/2018/70,Mizoram,Lunglei,22.870546,92.752853,Rock,Debris,0.5844549241394206,Slide,1
MN/CDL/83L04/2020/10,Manipur,Chandel,24.06,94.02,Rock,Rock,0.9408108189060947,Slide,0
AR/EK/ 83A14/2020-21/11,Arunachal Pradesh,East Kameng,27.563167,92.975139,Rock,Debris,0.5987460141006572,Slide,1
MIZ/AZL/2022/59,Mizoram,Aizawl,23.828321,92.73701,Earth,Earth,0.45795470277832395,Flow,0
MZ/AIZ/83H04/2017/13,Mizoram,Aizawl,24.043417,93.066307,Debris,Debris,0.8651318163729381,Slide,0
"ASM/KAM
(M)/78N16/2017/0006",Assam,Kamrup (Metro),26.18841667,91.85125,Earth,Earth,0.6674621348375883,Slide,0
ME/EKJ/78O14/2015/01,Meghalaya,East Khasi Hills,25.626794,91.829725,Rock,Debris,0.7797276136324499,Slide,0
AP/ES/82P12/2022/81,Arunachal Pradesh,East Siang,28.242969,95.537549,Rock,Debris,0.8994906225282175,Slide,1
MIZ/AIZ/84A09/2016/95,Mizoram,Mamit,23.808528,92.595222,Debris,Debris,0.6356546051029859,Slide,1
NAG/ZUN/83K5/2016/149,Nagaland,Zunheboto,25.893042,94.45835,Debris,Debris,0.8452843009925504,Slide,1
MAN/TAM/83G12/2017/0071,Manipur,Tamenglong,25.072528,93.6075,Rock,Debris,0.8864148596924186,Slide,1
MIZ/AZL/2022/49,Mizoram,Aizawl,23.65530556,92.7025,Rock,Other,0.4289522562707411,Slide,0
MZ/LAW/84B15/2018/30,Mizoram,Lawngtlai,22.379,92.858002,Debris,Debris,0.9730305389561418,Slide,1
MZ/LUN/84A16/2018/29,Mizoram,Lunglei,23.168777,92.90097,Debris,Debris,0.5960956433095654,Slide,1
ME/WJH/83C03/2015/172,Meghalaya,West Jaintia Hills,25.450464,92.095806,Debris,Debris,0.4855205449585313,Slide,0
MEGH/WKH/78O04/2008/D-26,Meghalaya,West Khasi Hills,25.201,91.234,Debris,Debris,0.8305986942482171,Fall,0
MIZ/LUN/84A12/2025/136,Mizoram,Lunglei,23.127505,92.740257,Debris,Debris,0.5488704221356067,Slide,1
MAN/TAM/83G12/2017/0062,Manipur,Tamenglong,25.054083,93.603694,Debris,Debris,0.9053463910428052,Slide,1
MN/TMG/83H01/2018/001,Manipur,Tamenglong,24.985167,93.508306,Debris,Debris,0.6741359909746524,Slide,1
TR/NTR/84D08/2015/49,Tripura,North Tripura,24.068472,92.290833,Debris,Debris,0.8165223224804683,Slide,1
MIZ/KOL/2022/22,Mizoram,Kolasib,24.37402778,92.71846944,Earth,Other,0.35789694292581514,Slide,1
MG/EJH/83C11/2018/1,Meghalaya,East Jaintia Hills,25.484178,92.510928,Rock,Rock,0.4191946053333076,Slide,1
MZ/LAW/84B11/2020/28,Mizoram,Lawngtlai,22.33,92.63,Debris,Debris,0.9373045408313403,Slide,1
AS/SON/83B13/2018/5,Assam,Sonitpur,26.9174,92.77163,Debris,Debris,0.9159915476585632,Slide,1
SKM/SS/78A08/2015/243,Sikkim,South Sikkim,27.101111,88.403333,Debris,Debris,0.958421249958507,Slide,1
MIZ/AIZ/84A13/2016/12,Mizoram,Aizawl,23.943241,92.933604,Debris,Debris,0.7337907758333826,Slide,1
MIZ/AIZ/84A09/2016/77,Mizoram,Aizawl,23.754493,92.690145,Rock,Rock,0.554141484980153,Slide,1
MN/UKH/83K12/2017/75,Manipur,Ukhrul,25.181528,94.523694,Debris,Soil,0.34742745257441526,Slide,0
SKM/NS/78A04/2017/86,Sikkim,West Sikkim,27.225556,88.240333,Debris,Debris,0.7889161421998543,Slide,1
AP/EK/83E03/2021/19,Arunachal Pradesh,East Kameng,27.294944,93.072417,Earth,Debris,0.4960616961714898,Slide,1
MN/NON/83H10/2018/42,Manipur,Noney,24.689806,93.522583,Debris,Debris,0.8386299649724068,Slide,1
ASM/WKA/83C09/2016/23,Assam,West Karbi Anglong,25.84875,92.68328,Debris,Debris,0.45983713410375626,Slide,1
MN/TEN/83L03/2018/39,Manipur,Tengnoupal,24.417667,94.176806,Debris,Debris,0.8224567224656011,Slide,1
NAG/KOH/83K2/2015/07,Nagaland,Kohima,25.66641667,94.09544444,Soil,Debris,0.8787529944668293,Subsidence,1
TR/NTR/84D08/2015/8,Tripura,North Tripura,24.139861,92.319167,Debris,Debris,0.8748011535269353,Slide,1
AS/DIM/83G4/2015/64,Assam,Dima Hasao,25.157,93.062,Earth,Earth,0.8850028527917883,Slide,1
MIZ/AZL/2024/724,Mizoram,Aizawl,24.3309,93.66054444,Debris,Debris,0.9340751782945735,Slide,0
6973,Arunachal Pradesh,Papum Pare,27.238406,93.806341,Debris,Debris,0.9721844215006356,Slide,0
NAG/WOK/83J/4/2016/0042,Nagaland,Wokha,26.208417,94.204389,Debris,Debris,0.54277550355441,Slide,0
NG/PHE/83K14/2017/41,Nagaland,Phek,25.607778,94.837944,Rock,Rock,0.7356136067400026,Slide,1
MZ/AIZ/84E01/2017/78,Mizoram,Aizawl,23.927389,93.02803,Rock,Debris,0.7381279294589975,Slide,0
AP/LDV/82P16/2022/58,Arunachal Pradesh,Lower Dibang Valley,28.216997,95.790585,Debris,Debris,0.7333445391080935,Slide,1
MIZ/AZL/2022/51,Mizoram,Aizawl,23.70827778,92.71711111,Earth,Rock,0.4745492408290971,Slide,1
MN/CDL/83L04/2020/48,Manipur,Chandel,24.09,94.04,Rock,Rock,0.9782193689775435,Slide,0
NG/MON/83N01/2017/69,Nagaland,Mon,26.804028,95.003722,Soil,Soil,0.37864388583167163,Slide,0
NG/KOH/83K2/2015/131,Nagaland,Kohima,25.617,94.113,Rock,Debris,0.8922264377129745,Slide,0
ME/EKJ/78O15/2015/106,Meghalaya,East Khasi Hills,25.34555,91.891461,Rock,Rock,0.7407974094607089,Slide,1
ME/EKJ/78O15/2015/69,Meghalaya,East Khasi Hills,25.450628,91.817767,Debris,Debris,0.8130990378487817,Slide,1
MZ/SER/84A15/2016/70,Mizoram,Serchhip,23.443793,92.862106,Debris,Rock,0.6010473236407669,Slide,1
NL/KOH/83K02/2023/59,Nagaland,Kohima,25.857991,94.159346,Debris,Debris,0.5384587107301213,Slide,1
NA/DIM/83G13/2020/41,Nagaland,Dimapur,25.77,93.9,Debris,Debris,0.7400506019841376,Slide,1
MZ/AZL/84A10/2024/123,Mizoram,Aizawl,23.58694444,92.7175,Debris,Debris,0.823702364404298,Slide,0
NG/MON/83N01/2017/46,Nagaland,Mon,26.826194,95.075917,Debris,Debris,0.4061821906444818,Slide,0
AP/EK/83E03/2021/46,Arunachal Pradesh,East Kameng,27.300611,93.093417,Rock,Debris,0.8175010160644764,Slide,1
MZ/SER/84A15/2016/1,Mizoram,Serchhip,23.314408,92.808662,Rock,Debris,0.5442772537501848,Slide,1
NL/KOH/83K01/2022/034,Nagaland,Kohima,25.903907,94.041235,Debris,Debris,0.8673541527920434,Slide,1
MIZ/AIZ/84A14/2025/238,Mizoram,Aizawl,23.700835,92.877449,Debris,Debris,0.8868453273092018,Slide,1
AR/EAK/84E12/2025/04,Arunachal Pradesh,Papum Pare,27.059755,93.522666,Debris,Debris,0.8697971074212146,Slide,1
MZ/CHA/84E08/2017/36,Mizoram,Champhai,23.136654,93.314856,Rock,Rock,0.5300531096152962,Slide,0
ME/EKJ/78O15/2015/121,Meghalaya,East Khasi Hills,25.27142,91.874884,Debris,Debris,0.855810504123712,Slide,1
NG/KOH/83K2/2015/219,Nagaland,Kohima,25.685,94.059,Rock,Debris,0.9096012436340631,Slide,0
MIZ/AIZ/84A09/2016/50,Mizoram,Aizawl,23.856861,92.743028,Debris,Debris,0.364631427395942,Slide,0
MZ/AZL/84A10/2024/062,Mizoram,Aizawl,23.62083333,92.7225,Debris,Debris,0.955354856031644,Slide,0
MG/EKH/78O11/2017/1,Meghalaya,East Khasi Hills,25.298951,91.726475,Rock,Debris,0.5488868828440575,Slide,0
AR/WKG/83A03/2021/035,Arunachal Pradesh,West Kameng,27.362444,92.243972,Debris,Debris,0.9617157347013157,Slide,1
AR/CHNG/92A07/2022/062,Arunachal Pradesh,Changlang,27.476614,96.408544,Rock,Rock,0.8492668130648413,Fall,1
MZ/MAM/84A10/2015/175,Mizoram,Mamit,23.688389,92.595583,Rock,Rock,0.6779473521409961,Slide,1
MIZ/KOL/2024/882,Mizoram,Kolasib,24.57296389,93.17700556,Debris,Debris,0.9234764023176342,Slide,0
MZ/LUN/84A16/2018/24,Mizoram,Lunglei,23.103046,92.8983,Rock,Rock,0.9544510106687517,Fall,1
AR/CHNG/92A03/2022/087,Arunachal Pradesh,Changlang,27.299135,96.010349,Debris,Debris,0.95269984362273,Slide,1
AP/EK/83E03/2021/26,Arunachal Pradesh,East Kameng,27.216778,93.074944,Debris,Debris,0.6948220112053897,Slide,1
MZ/LUN/84A12/2018/59,Mizoram,Lunglei,23.209055,92.540611,Rock,Debris,0.5049737195479371,Slide,1
MZ/CHA/84E02/2017/0096,Mizoram,Champhai,23.696979,93.041829,Debris,Debris,0.5761692537680486,Slide,1
MIZ/SER/84A15/2025/125,Mizoram,Serchhip,23.307524,92.857678,Debris,Debris,0.8910691536457013,Subsidence,0
NL/KOH/83K02/2014/09,Nagaland,Kohima,25.66806,94.05525,Debris,Debris,0.9392375115815457,Slide,1
NG/LON/83J15/2017/30,Nagaland,Longleng,26.46,94.852222,Debris,Debris,0.9426135133905069,Slide,1
ASM/WKA/83C09/2016/6,Assam,West Karbi Anglong,25.85167,92.58089,Debris,Debris,0.7591485954261744,Slide,1
AS/KAR/83F15/2018/1,Assam,Karbi Anglong,26.34075,93.78861,Soil,Soil,0.5978847912858123,Slide,1
ML-05/2012-13,Meghalaya,Jaintia Hills,25.14702778,92.37883333,Other,Other,0.9737604358656023,Other,1
MZ/CHA/84E02/2017/0083,Mizoram,Champhai,23.677967,93.087973,Rock,Rock,0.5346868490792116,Slide,1
MZ/CHA/84E05/2017/9,Mizoram,Champhai,23.870445,93.353859,Debris,Debris,0.7205311661053421,Slide,0
AP/PAP/83E15/2021/26,Arunachal Pradesh,Papum Pare,27.294278,93.802056,Debris,Debris,0.9626094112669915,Slide,0
SKM/NS/78A03/2017/14,Sikkim,West Sikkim,27.29525,88.102694,Debris,Debris,0.9554870579382261,Slide,1
NG/PHE/83K10/2017/23,Nagaland,Phek,25.591833,94.595278,Debris,Debris,0.8485800952830272,Slide,1
MIZ/SER/84A15/2025/141,Mizoram,Serchhip,23.286141,92.868152,Debris,Debris,0.847143282824924,Slide,1
MN/UKH/83K11/2017/24,Manipur,Ukhrul,25.3375,94.527806,Debris,Soil,0.7342437608215623,Slide,0
MZ/LAW/84B10/2020/28,Mizoram,Lawngtlai,22.64,92.61,Debris,Debris,0.8496595681206865,Slide,1
MIZ/LUNG/84A12/2025/045,Mizoram,Lunglei,23.1351,92.748694,Debris,Debris,0.7686905786399637,Slide,1
NAG/TUN/83J16/2016/0048,Nagaland,Tuensang,26.161639,94.6215,Rock,Rock,0.48796615825015227,Slide,0
AS/CHR/83D14/2020/3,Assam,Cachar,24.51,92.9,Debris,Debris,0.9298756849410762,Slide,1
MEG/RIB/78O13/2016/8,Meghalaya,Ri-Bhoi,25.997033,91.86235,Earth,Earth,0.6410060420328366,Slide,1
MZ/CHA/84E02/2017/24,Mizoram,Champhai,23.603808,93.092328,Debris,Rock,0.6968639412050874,Slide,1
AP/KK/83E09/2021/28,Arunachal Pradesh,Kurung Kumey,27.903389,93.370361,Debris,Debris,0.9406225526682385,Slide,0
NG/KOH/83K2/2015/242,Nagaland,Kohima,25.67,94.062,Debris,Debris,0.9334584415825112,Slide,1
MIZ/AZL/2024/535,Mizoram,Aizawl,23.35638889,92.77027778,Debris,Debris,0.9658521776734154,Other,0
MAN/TAM/83H09/2007/C-13,Manipur,Tamenglong,24.81778,93.51583,Debris,Debris,0.6770542323399876,Slide,0
MIZ/LUN/84A16/2025/180,Mizoram,Lunglei,23.06533,92.768329,Debris,Debris,0.8315889596327384,Slide,1
MIZ/SER/84A15/2025/126,Mizoram,Serchhip,23.305939,92.857538,Debris,Debris,0.9479984675127435,Flow,0
SKM/SS/78A08/2015/182,Sikkim,South Sikkim,27.174389,88.452028,Debris,Debris,0.8926474091216714,Slide,1
NG/KOH/83K2/2015/232,Nagaland,Kohima,25.673,94.239,Debris,Debris,0.9205920766282818,Slide,0
NG/LON/83J14/2017/9,Nagaland,Longleng,26.551111,94.79,Debris,Debris,0.8900010489680205,Slide,0
MN-12/2010,Manipur,Tamenglong,24.73133333,93.92738889,Other,Other,0.7399545975224354,Other,0
SKM/WS/78A07/2015/345,Sikkim,West Sikkim,27.254222,88.3005,Debris,Debris,0.9590285501635984,Slide,1
AP/EK/83E03/2021/40,Arunachal Pradesh,East Kameng,27.361222,93.035778,Debris,Debris,0.7908046403088914,Slide,1
NAG/KIP/83K13/2016/022,Nagaland,Kiphire,25.814525,94.806114,Debris,Debris,0.9861658527710525,Slide,0
NG/KOH/83K2/2015/169,Nagaland,Kohima,25.659,94.107,Debris,Debris,0.9481042185731554,Slide,0
MN/TMG/83H05/2018/003,Manipur,Tamenglong,25.091778,92.354694,Soil,Debris,0.7234573358221317,Slide,0
ASM/WKA/83B08/2017/40,Assam,West Karbi Anglong,26.012,92.264167,Debris,Debris,0.7876609972992081,Slide,1
AP/LEP/83I09/2021/85,Arunachal Pradesh,Lepa Rada,27.937861,94.702139,Rock,Rock,0.792694162200782,Slide,1
ME/WJH/83C03/2015/167,Meghalaya,West Jaintia Hills,25.430111,92.182167,Rock,Debris,0.7905545850323614,Slide,1
MAN/UKH/83K08/2015/012,Manipur,Ukhrul,25.033778,94.43625,Debris,Debris,0.9015638234281929,Slide,1
ME/EWK/2026/54,Meghalaya,Eastern-West Khasi Hill,25.68822222,91.66746111,Debris,Debris,0.8872800209842419,Slide,1
MZ/CHA/84E01/2017/4,Mizoram,Champhai,23.881639,93.234642,Debris,Debris,0.5081588918690375,Slide,0
MZ/AIZ/83D16/2016/59,Mizoram,Aizawl,24.078422,92.792189,Rock,Rock,0.6543726735046693,Slide,0
SKM/NS/78A03/2017/75,Sikkim,West Sikkim,27.260861,88.233278,Debris,Debris,0.9180543394411285,Slide,1
MG/EKH/78O12/2017/16,Meghalaya,East Khasi Hills,25.219787,91.710947,Rock,Rock,0.5325984348601963,Slide,1
MAN/SEN/83G14/2015/30,Manipur,Senapati,25.527,93.953,Debris,Debris,0.7437476764757767,Slide,1
MN/TAM/83H05/2018/7,Manipur,Tamenglong,24.898,93.487722,Debris,Debris,0.9062914752289736,Slide,1
SKM/SS/78A08/2015/225,Sikkim,South Sikkim,27.125528,88.384556,Rock,Rock,0.9664389852928135,Fall,1
SKM/SS/78A08/2015/393,Sikkim,South Sikkim,27.171139,88.354611,Debris,Debris,0.8932644222728815,Slide,1
AR/CHNG/92A07/2022/073,Arunachal Pradesh,Changlang,27.449807,96.444466,Debris,Debris,0.944699852611716,Slide,1
MN/NON/83H09/2018/57,Manipur,Noney,24.872153,93.623861,Debris,Debris,0.9093658910927024,Slide,1
MZ/MAM/84A10/2015/124,Mizoram,Mamit,23.718194,92.556417,Debris,Debris,0.6730972058809115,Slide,1
AS/KAR/83G09/2017/19,Assam,Karbi Anglong,25.84516,93.68408,Debris,Debris,0.8908359959761382,Slide,0
MZ/SAI/84B15/2018/49,Mizoram,Saiha,22.485666,92.985825,Debris,Debris,0.9102177929741438,Slide,0
MIZ/HNAH/84B13/2025/082,Mizoram,Hnahthial,22.971217,92.925544,Earth,Debris,0.6994625525202025,Slide,0
ME/EKH/78O15/2025/07,Meghalaya,East Khasi Hills,25.369056,91.775046,Debris,Debris,0.5617865988951688,Slide,1
MG/EKH/78O11/2017/13,Meghalaya,East Khasi Hills,25.282943,91.580161,Rock,Rock,0.8227964881889027,Slide,0
SKM/WS/78A07/2015/354,Sikkim,West Sikkim,27.393139,88.310139,Debris,Debris,0.7800950051686861,Slide,1
MIZ/AZL/2024/221,Mizoram,Aizawl,23.62,92.85055556,Debris,Debris,0.8680286984191379,Slide,0
AP/EK/83E03/2021/48,Arunachal Pradesh,East Kameng,27.363833,93.025139,Soil,Debris,0.8345581114214196,Slide,1
MN/CCP/83H11/2020/4,Manipur,Churachandpur,24.15,93.58,Debris,Debris,0.8080211899164059,Slide,0
AR/WKG/83A03/2021/025,Arunachal Pradesh,West Kameng,27.403722,92.141056,Debris,Soil,0.47368319724386404,Slide,1
MN/TAM/83H09/2018/26,Manipur,Tamenglong,24.978389,93.502278,Debris,Debris,0.7376714234084916,Slide,1
MAN/TAM/83G12/2017/0112,Manipur,Tamenglong,25.121417,93.654972,Debris,Debris,0.9356120918172631,Slide,1
MZ/CHA/84E01/2017/20,Mizoram,Champhai,23.863417,93.201279,Debris,Debris,0.739890535362109,Slide,1
MEG/WJH/83C4/2016/139,Meghalaya,East Jaintia Hills,25.281122,92.345397,Debris,Debris,0.8457343692850787,Slide,1
MN/UKH/83K11/2017/51,Manipur,Ukhrul,25.418361,94.578528,Soil,Soil,0.6870457014456631,Slide,0
MN/CHA/83L03/2018/55,Manipur,Chandel,24.290714,94.038094,Debris,Debris,0.5886920920360444,Slide,1
MG/WKH/78O02/2017/2,Meghalaya,West Khasi Hills,25.598908,91.175628,Debris,Debris,0.9402947577489884,Slide,1
NAG/WOK/83J/4/2016/0074,Nagaland,Wokha,26.08875,94.202444,Debris,Debris,0.6144941480541875,Slide,0
MZ/MAM/84A10/2015/165,Mizoram,Mamit,23.590139,92.607333,Rock,Rock,0.763526851964264,Slide,0
NAG/KOH/83K1/2016/109,Nagaland,Kohima,25.889361,94.200583,Earth,Debris,0.9353496350324723,Slide,0
NG/KOH/83K2/2015/132,Nagaland,Kohima,25.68,94.117,Debris,Debris,0.9183783097423854,Slide,0
MZ/CHA/84E06/2017/10,Mizoram,Champhai,23.666608,93.350691,Debris,Debris,0.8731791004289633,Slide,1
MG/WKH/78O03/2017/14,Meghalaya,West Khasi Hills,25.288467,91.224269,Debris,Debris,0.904603524441787,Slide,1
MN/TEN/83L03/2018/38,Manipur,Tengnoupal,24.4165,94.176944,Rock,Debris,0.7980625698850674,Slide,1
"Nagaland/Kohima/83K02/2019/
07.",Nagaland,Kohima,25.71316667,94.03863889,Other,Other,0.7343835706185367,Slide,1
AR/TIR/83N05/2022/008,Arunachal Pradesh,Tirap,26.936043,95.370996,Debris,Debris,0.912275407646826,Slide,1
NG/PHE/83K6/2015/271,Nagaland,Phek,25.632,94.257,Debris,Debris,0.8592525196692632,Slide,1
SKM/NS/78A10/2017/203,Sikkim,North Sikkim,27.637167,88.712028,Debris,Debris,0.9532249676037207,Slide,1
AP/E-Siang/82P8/2022/LS48,Arunachal Pradesh,East Siang,28.095632,95.281371,Earth,Debris,0.9208099987132135,Slide,1
MN/NON/83H10/2018/66,Manipur,Noney,24.62595,93.692953,Debris,Debris,0.9601002417691408,Slide,1
NAG/KOH/83K1/2016/132,Nagaland,Kohima,25.843528,94.011806,Earth,Debris,0.6850528309924376,Slide,0
MAN/UKH/83K08/2015/009,Manipur,Ukhrul,25.020361,94.4095,Debris,Debris,0.8102844385451152,Subsidence,1
AP/PAP/83E15/2021/25,Arunachal Pradesh,Papum Pare,27.291083,93.796806,Debris,Debris,0.9533182455871736,Slide,0
MN/SEN/83K02/2014/04,Manipur,Senapati,25.53128,94.16536,Debris,Debris,0.6995177401400109,Slide,1
NL/KOH/83K02/2014/14,Nagaland,Kohima,25.6715,94.06942,Debris,Debris,0.9263257774486332,Slide,1
SKM/ES/78A12/2015/36,Sikkim,East Sikkim,27.212222,88.587889,Debris,Debris,0.9347163090998791,Slide,1
NG/NOK/83N04/2017/39,Nagaland,Noklak,26.114861,95.052417,Rock,Debris,0.8192054063212387,Slide,0
NG/KOH/83K2/2015/92,Nagaland,Kohima,25.67,94.113,Debris,Debris,0.9355857418238288,Slide,0
AP/DV/82P/13/2022/LS-133,Arunachal Pradesh,Dibang Valley,28.846067,95.865922,Debris,Debris,0.8539351953011197,Slide,1
MEG/WJH/83C4/2016/79,Meghalaya,East Jaintia Hills,25.042408,92.434525,Rock,Debris,0.542096187778454,Slide,1
MIZ/AZL/2024/495,Mizoram,Aizawl,23.45138889,92.68,Debris,Debris,0.975738465348278,Slide,0
MG/WKH/78O02/2017/76,Meghalaya,West Khasi Hills,25.644944,91.158153,Debris,Debris,0.891582176315299,Slide,1
NG/KOH/83K2/2015/85,Nagaland,Kohima,25.65,94.03,Rock,Debris,0.68424663243261,Slide,1
MIZ/SER/84A12/2025/030,Mizoram,Serchhip,23.238785,92.744224,Debris,Debris,0.6645283796421889,Slide,0
ME/EWK/2026/29,Meghalaya,Eastern-West Khasi Hill,25.49551944,91.49585278,Debris,Debris,0.8920208430892639,Slide,0
MIZ/AZL/2022/4,Mizoram,Aizawl,23.74194444,92.71027778,Other,Other,0.6467377368519206,Slide,0
MZ/AZL/84A14/2024/149,Mizoram,Aizawl,23.73305556,92.84777778,Debris,Debris,0.8800394513339794,Slide,0
MZ/CHA/84E03/2017/32,Mizoram,Champhai,23.470722,93.246639,Rock,Debris,0.6429067455527256,Slide,1
MG/EKH/78O12/2017/8,Meghalaya,East Khasi Hills,25.20111,91.640451,Rock,Rock,0.6345449673799687,Slide,1
MG/WKH/78O02/2017/3,Meghalaya,West Khasi Hills,25.599575,91.1782,Soil,Debris,0.9527653110582854,Slide,1
MEG/WJH/83C4/2016/06,Meghalaya,West Jaintia Hills,25.215611,92.077361,Debris,Debris,0.9266051107877237,Slide,1
MIZ/AZL/2024/641,Mizoram,Aizawl,23.76111111,92.84777778,Debris,Debris,0.7251052460854777,Slide,0
NG/KOH/83K2/2015/133,Nagaland,Kohima,25.669,94.114,Debris,Debris,0.9600786663382054,Slide,0
MZ/SER/84A15/2016/78,Mizoram,Serchhip,23.438997,92.877502,Rock,Rock,0.5152027528069905,Slide,1
AR/WSI/82L11/2021/16,Arunachal Pradesh,West Siang,28.310626,94.675637,Debris,Debris,0.9575488621837879,Slide,1
MIZ/AZL/2024/515,Mizoram,Aizawl,23.33277778,92.78722222,Debris,Debris,0.9394981904156299,Other,0
AP/LDV/83P/11/2022/LS-91,Arunachal Pradesh,Lower Dibang Valley,28.262338,95.565698,Debris,Debris,0.8621204335520267,Slide,0
MZ/LUN/84A16/2018/28,Mizoram,Lunglei,23.172501,92.900558,Rock,Rock,0.9171975022422626,Fall,1
MZ/CHA/84E02/2017/0110,Mizoram,Champhai,23.631956,93.033971,Debris,Debris,0.6725250973468813,Slide,1
NG/PHE/83K6/2015/259,Nagaland,Phek,25.629,94.274,Debris,Debris,0.7148402811259935,Slide,1
MN/CDL/83L04/2020/12,Manipur,Chandel,24.21,94.22,Rock,Rock,0.47268451540958806,Slide,1
MEG/WJH/83C4/2016/03,Meghalaya,West Jaintia Hills,25.234922,92.095531,Debris,Debris,0.9177637572375634,Slide,1
MEG/EKH/78O10/2016/29,Meghalaya,East Khasi Hills,25.507586,91.708236,Debris,Debris,0.8488004742531413,Slide,1
AS/HKN/83D10/2020/11,Assam,Hailakandi,24.54,92.63,Debris,Debris,0.9244888124574444,Slide,0
NL/KOH/83K02/2023/41,Nagaland,Kohima,25.65587222,94.12442778,Debris,Debris,0.7856540406033197,Slide,1
AP/LDV/82P16/2022/53,Arunachal Pradesh,Lower Dibang Valley,28.227703,95.781369,Debris,Debris,0.8120869805854981,Slide,1
MZ/AZL/84A10/2024/118,Mizoram,Aizawl,23.58722222,92.71361111,Debris,Debris,0.8155279042457902,Slide,0
ASM/WKA/83B08/2017/34,Assam,West Karbi Anglong,26.016389,92.48225,Earth,Earth,0.5057983137551813,Slide,1
MN/NON/83H05/2018/73,Manipur,Noney,24.766472,93.434167,Debris,Debris,0.805992700420566,Slide,0
MN/CDL/83L04/2020/78,Manipur,Chandel,24.22,94.08,Rock,Debris,0.6490888530159139,Slide,0
MAN/SEN/83K03/2015/77,Manipur,Senapati,25.268519,94.047614,Rock,Rock,0.8153915298629713,Fall,1
MN/CCR/83H02/2020/2,Manipur,Churachandpur,24.53,93.07,Rock,Debris,0.9043006054206637,Slide,1
MAN/UKH/83K08/2015/003,Manipur,Ukhrul,25.048417,94.332389,Debris,Debris,0.7469495274281875,Subsidence,0
MN/NON/83H10/2018/68,Manipur,Noney,24.629861,93.695278,Debris,Debris,0.9598506335486668,Slide,1
NAG/TUEN/83J11/2015/ 0120,Nagaland,Tuensang,26.301694,94.616694,Rock,Rock,0.7197113617690014,Slide,0
NAG/WOK/83J/4/2016/0082,Nagaland,Wokha,26.109167,94.116167,Debris,Debris,0.6814498280360295,Slide,0
MAN/TAM/83G12/2017/0008,Manipur,Tamenglong,25.167444,93.735472,Debris,Debris,0.9091420723256981,Slide,1
MN/BNP/83H14/2020/1,Manipur,Bishnupur,24.52,93.8,Debris,Debris,0.9019902141276547,Slide,1
LS_ASM_DH_0403/2024,Assam,Dima Hasao,25.325408,93.037147,Earth,Debris,0.6625786598709541,Slide,1
MZ/SAI/84F03/2020/26,Mizoram,Saiha,22.34,93.13,Rock,Debris,0.5456309372974177,Slide,1
MN/CDL/84I01/2020/14,Manipur,Chandel,23.95,94.06,Rock,Rock,0.9456037312296455,Slide,0
MN/CHA/83L03/2018/65,Manipur,Chandel,24.267872,94.117978,Debris,Debris,0.6608451957765512,Slide,0
AR/USI/82L14/2022/36,Arunachal Pradesh,Upper Siang,28.723166,94.959687,Debris,Debris,0.9419027346250919,Slide,1
MZ/LUN/84B13/2018/42,Mizoram,Lunglei,22.839445,92.95668,Debris,Debris,0.6358662203338313,Slide,0
MN/KAM/83L09/2017/51,Manipur,Kamjong,24.812611,94.581278,Debris,Soil,0.6121094514215754,Slide,0
NL/PHE/83K02/2014/04,Nagaland,Phek,25.61275,94.21517,Rock,Debris,0.7481928818970471,Slide,1
MN/NON/83H05/2018/67,Manipur,Noney,24.747694,93.462667,Debris,Debris,0.8197756377956856,Slide,0
MIZ/AZL/2024/562,Mizoram,Aizawl,23.49055556,92.70583333,Debris,Debris,0.9682259819688939,Slide,0
SKM/WS/78A07/2015/352,Sikkim,West Sikkim,27.3955,88.306889,Debris,Debris,0.7877472885904787,Slide,1
MN/TEN/83L03/2018/9,Manipur,Tengnoupal,24.316528,94.138083,Debris,Debris,0.7516740392911645,Slide,1
MIZ/SER/84A15/2025/098,Mizoram,Serchhip,23.319156,92.857722,Debris,Debris,0.9180194568956841,Slide,0
NAG/ZUN/83J12/2017/0080,Nagaland,Zunheboto,26.19257,94.558955,Rock,Debris,0.48066055688469433,Slide,1
NAG/ZUN/83K5/2016/017,Nagaland,Zunheboto,25.917361,94.452556,Rock,Rock,0.9027750775727714,Fall,0
SKM/EAST/78A12/2015/001,Sikkim,East Sikkim,27.18822222,88.56238889,Debris,Debris,0.9336480217571672,Subsidence,1
MAN/CHAN/83L03/2007/C-11,Manipur,Chandel,24.34,94.22444,Debris,Debris,0.8877621172368957,Slide,0
SKM/Gangtok/78A11/2022,Sikkim,Gangtok District,27.32633333,88.59544444,Debris,Debris,0.9136128364775931,Slide,1
NAG/WOKH/83J08/2015/0027,Nagaland,Wokha,26.113333,94.338611,Rock,Rock,0.7090482469871252,Slide,1
MIZ/AZL/2024/416,Mizoram,Aizawl,23.54027778,92.70138889,Debris,Debris,0.9731190151665209,Other,0
MZ/MAM/84A05/2020/11,Mizoram,Mamit,23.79,92.36,Rock,Debris,0.5299973241948535,Slide,1
SKM/NS/78A04/2017/70,Sikkim,West Sikkim,27.241333,88.233972,Debris,Debris,0.8857355013335357,Slide,1
AR/EAK/84E03/2025/11,Arunachal Pradesh,East Kameng,27.293539,93.050398,Debris,Debris,0.8349466482283814,Slide,1
NL/KOH/83K02/2014/24,Nagaland,Kohima,25.71906,94.10883,Debris,Debris,0.9487768303322351,Slide,0
AP/LEP/83I09/2021/79,Arunachal Pradesh,Lepa Rada,27.912806,94.726972,Rock,Rock,0.5162210813178995,Slide,1
MZ/LUNG/84B14/2018/24,Mizoram,Lunglei,22.673,92.844002,Debris,Debris,0.7980220764766418,Slide,0
SKM/WS/78A08/2015/351,Sikkim,West Sikkim,27.186361,88.320417,Debris,Debris,0.9487381223703203,Slide,1
NAG/ZUN/83K5/2016/011,Nagaland,Zunheboto,25.952722,94.430278,Rock,Rock,0.8659936792516775,Fall,1
MN/KAN/83H13/2018/14,Manipur,Kangpokpi,24.871694,93.776861,Debris,Debris,0.9227480265520042,Slide,0
MZ/KOL/83D12/2016/13,Mizoram,Kolasib,24.030186,92.673377,Debris,Debris,0.5395482161049174,Slide,0
AP/AW/91D8/2022/104,Arunachal Pradesh,Anjaw,28.023491,96.440972,Debris,Debris,0.703719016048319,Slide,1
MZ/LAW/84B10/2020/11,Mizoram,Lawngtlai,22.54,92.69,Debris,Debris,0.7259384288780438,Slide,1
MN/UKH/83K12/2017/40,Manipur,Ukhrul,25.103528,94.531722,Soil,Debris,0.8442665745813385,Slide,0
MIZ/KOL/2024/778,Mizoram,Kolasib,23.41421944,93.10569167,Debris,Debris,0.7591583024441093,Slide,0
AR/US/82P04/2022/017,Arunachal Pradesh,Upper Siang,28.272,95.208417,Debris,Debris,0.6390889807393969,Slide,1
AS/BON/78J11/2018/2,Assam,Bongaigaon,26.3848,90.5943,Rock,Debris,0.9337361226285712,Slide,1
MIZ/AZL/2024/384,Mizoram,Aizawl,23.57027778,92.70722222,Debris,Debris,0.9846472375782372,Other,0
MZ/CHA/84E03/2017/30,Mizoram,Champhai,23.462917,93.04575,Rock,Rock,0.48123742698953464,Slide,0
MN/JRM/83H02/2020/5,Manipur,Jiribam,24.73,93.18,Debris,Debris,0.705889703102378,Slide,1
MG/WKH/78O02/2017/30,Meghalaya,West Khasi Hills,25.560931,91.227694,Debris,Debris,0.9264499469212144,Slide,1
MG/WKH/78O02/2017/37,Meghalaya,West Khasi Hills,25.549139,91.244417,Debris,Debris,0.8361941548518028,Slide,1
MAN/TAM/83G12/2017/0032,Manipur,Tamenglong,25.165222,93.697722,Debris,Debris,0.9374607776432328,Slide,1
SKM/SS/78A08/2015/305,Sikkim,South Sikkim,27.176,88.429556,Debris,Debris,0.8700474270196935,Slide,1
SKM/SS/78A08/2015/184,Sikkim,South Sikkim,27.232639,88.378417,Debris,Debris,0.9052175537912516,Slide,1
AR/WS/83I13/2022/099,Arunachal Pradesh,West Siang,27.870361,94.817861,Debris,Debris,0.4936756655549618,Slide,1
MIZ/KOL/2023/193,Mizoram,Kolasib,24.06638889,92.78194444,Debris,Earth,0.4601678593170729,Slide,0
SKM/NS/78A03/2017/16,Sikkim,West Sikkim,27.295444,88.094583,Debris,Debris,0.9506525875706898,Slide,1
NG/KOH/83K2/2015/190,Nagaland,Kohima,25.742,94.245,Debris,Debris,0.9551370630079298,Slide,0
ASM/DH/83G04/2022-23/005,Assam,Dima Hasao,25.15144,93.0331,Debris,Debris,0.815949810243978,Slide,0
NAG/ZUN/83K5/2016/023,Nagaland,Zunheboto,25.877111,94.34325,Debris,Debris,0.8266468031908536,Slide,0
AP/DV/82P/13/2022/LS-115,Arunachal Pradesh,Dibang Valley,28.775918,95.874296,Earth,Earth,0.6577029915544553,Slide,0
ASM/WKA/83B08/2017/47,Assam,West Karbi Anglong,25.809417,92.474833,Debris,Debris,0.7361763359357618,Slide,1
NG/DIM/83G14/2015/23,Nagaland,Dimapur,25.745,93.784,Debris,Debris,0.804492649246213,Slide,0
AS/DIM/83G07/2017/2,Assam,Dima Hasao,25.436972,93.454111,Debris,Debris,0.8828743536730185,Slide,1
MZ/LUN/84A16/2018/13,Mizoram,Lunglei,23.142357,92.750961,Debris,Debris,0.6128998844574793,Slide,0
MZ/AZL/84A10/2024/054,Mizoram,Aizawl,23.64333333,92.73444444,Earth,Debris,0.8756979017516726,Slide,0
MZ/MAM/83D08/2020/14,Mizoram,Mamit,24.19,92.33,Earth,Rock,0.6482067622957618,Slide,0
MN/NON/83H05/2018/32,Manipur,Noney,24.83725,93.494528,Debris,Debris,0.9042647170999317,Slide,0
AS/DIM/83G4/2015/56,Assam,Dima Hasao,25.139,93.025,Earth,Earth,0.8511518066253791,Slide,0
MIZ/KOL/2024/743,Mizoram,Kolasib,24.71938056,93.26740556,Debris,Debris,0.801816596099851,Slide,0
MN/NON/83H05/2018/57,Manipur,Noney,24.764917,93.45875,Debris,Debris,0.8858114787102882,Slide,0
MN/NON/83H10/2018/52,Manipur,Noney,24.639,93.611556,Debris,Debris,0.9589660052002462,Slide,1
NA/MOK/83J07/2020/3,Nagaland,Mokokchung,26.49,94.36,Earth,Earth,0.541082680101829,Slide,1
AS/NC/83G04/2009-10/AS-6,Assam,Dima Hasao,25.229556,93.1556,Debris,Earth,0.493180581076322,Slide,0
SKM/NS/78A03/2017/67,Sikkim,West Sikkim,27.253889,88.210028,Debris,Debris,0.8790309233998505,Slide,1
AP/AW/91D8/2022/93,Arunachal Pradesh,Anjaw,28.090087,96.454067,Debris,Debris,0.6244004967158857,Slide,1
MZ/CHA/84E03/2017/26,Mizoram,Champhai,23.45769,93.041184,Rock,Rock,0.49221681249915966,Slide,0
5724,Tripura,North Tripura,24.033017,92.26034,Rock,Debris,0.7202652738123907,Slide,1
NG/PHE/83K14/2017/36,Nagaland,Phek,25.594639,94.842444,Rock,Rock,0.8433839955311678,Slide,1
MZ/LUN/84B10/2020/47,Mizoram,Lunglei,22.63,92.66,Debris,Debris,0.8838700021907115,Slide,0
MEG/WJH/83C4/2016/91,Meghalaya,East Jaintia Hills,25.056022,92.394119,Debris,Debris,0.8672472933199193,Slide,1
AP/PP/83E12/2008/A-4,Arunachal Pradesh,Papum Pare,27.091139,93.615667,Debris,Other,0.7611745513069837,Slide,0
MIZ/AZL/2024/417,Mizoram,Aizawl,23.54027778,92.70111111,Debris,Debris,0.9724492216584046,Other,0
MG/EKH/78O12/2017/19,Meghalaya,East Khasi Hills,25.212554,91.747962,Debris,Debris,0.6529751245932948,Slide,1
MZ/LUN/84B13/2018/34,Mizoram,Lunglei,22.8363,92.892799,Rock,Soil,0.4441691417812118,Slide,0
MN/CCP/83H11/2020/18,Manipur,Churachandpur,24.35,93.66,Debris,Debris,0.9512423472169527,Slide,0
MN/NON/83H10/2018/71,Manipur,Noney,24.801681,93.736408,Debris,Debris,0.9445185741704417,Slide,1
AS/DIM/83G2/2015/10,Assam,Dima Hasao,25.72486,93.131083,Debris,Debris,0.8670286120968741,Slide,0
NAG/ZUNH/83J08/2015/ 0061,Nagaland,Zunheboto,26.069917,94.411639,Rock,Rock,0.8037004627936308,Subsidence,0
MZ/CHA/84E02/2017/0062,Mizoram,Champhai,23.694333,93.183335,Rock,Debris,0.6315705430872667,Slide,0
AP/LSB/83E14/2021/37,Arunachal Pradesh,Lower Subansiri,27.649194,93.874,Debris,Debris,0.9357949294122793,Slide,0
MN/NON/83H05/2018/40,Manipur,Noney,24.8,93.472222,Debris,Debris,0.8921670267673978,Slide,0
7029,Nagaland,Chumoukedima,25.735478,93.686541,Soil,Debris,0.7336505723120473,Slide,0
MN/TEN/83L03/2018/81,Manipur,Tengnoupal,24.407989,94.240544,Debris,Debris,0.7495873515316611,Slide,1
MN/KAN/83H13/2018/17,Manipur,Kangpokpi,24.940583,94.008889,Debris,Debris,0.8671575783640005,Slide,0
MG/EJH/83C11/2018/2,Meghalaya,East Jaintia Hills,25.35093,92.51236,Rock,Soil,0.7358564536016698,Slide,1
MG/WKH/78O02/2017/57,Meghalaya,West Khasi Hills,25.565333,91.225667,Debris,Debris,0.8877269627314269,Slide,1
SKM/SS/78A07/2015/326,Sikkim,South Sikkim,27.149722,88.348333,Debris,Debris,0.8600153950720081,Slide,1
MAN/UKH/83K08/2015/033,Manipur,Ukhrul,25.079806,94.294111,Debris,Debris,0.8739826400912535,Slide,1
MIZ/AZL/2024/570,Mizoram,Aizawl,23.66194444,92.85416667,Debris,Debris,0.9304828208472987,Slide,0
AR/USI/82L13/2022/52,Arunachal Pradesh,Upper Siang,28.830097,94.874715,Debris,Debris,0.9595786817881735,Slide,1
MN/NON/83H05/2018/22,Manipur,Noney,24.834917,93.459083,Debris,Debris,0.8290352116047943,Slide,0
AS/DIM/83G4/2015/65,Assam,Dima Hasao,25.134,93.045,Earth,Earth,0.8940410656722876,Slide,1
MN/KAN/83H13/2018/3,Manipur,Kangpokpi,24.783194,93.774694,Soil,Soil,0.4362127415648157,Slide,0
NAG/ KOH/ 83K2/ 2015/04,Nagaland,Kohima,25.68625,94.04297222,Soil,Debris,0.9224437035302229,Subsidence,1
MIZ/LUNG/84B14/2025/062,Mizoram,Lunglei,22.641087,92.867635,Debris,Debris,0.9466437527319342,Slide,1
MZ/MAM/84A10/2015/122,Mizoram,Mamit,23.67425,92.587278,Debris,Rock,0.6821132597937786,Slide,1
MZ/SER/84A15/2016/45,Mizoram,Serchhip,23.321765,92.8589,Rock,Debris,0.5238828333619995,Slide,0
MIZ/AIZ/84A09/2016/113,Mizoram,Kolasib,23.976412,92.683312,Rock,Rock,0.9566159235539773,Fall,1
SI/MAN/78A11/2025/1,Sikkim,Mangan,27.4432,88.6087,Debris,Debris,0.8276874791095701,Slide,1
SKM/NS/78A10/2017/227,Sikkim,North Sikkim,27.629944,88.619833,Debris,Debris,0.9647057494797545,Slide,1
MZ/CHA/84E08/2017/38,Mizoram,Champhai,23.135405,93.368299,Rock,Rock,0.4757837335154564,Slide,0
NG/KOH/83K2/2015/123,Nagaland,Kohima,25.669,94.192,Debris,Debris,0.9181973639142791,Slide,1
MIZ/LUNG/84B09/2025/053,Mizoram,Lunglei,22.973735,92.725975,Debris,Debris,0.8731192208637135,Slide,1
NG/KOH/83K2/2015/140,Nagaland,Kohima,25.645,94.034,Debris,Debris,0.8522381193225637,Slide,1
MN/CHA/83L03/2018/57,Manipur,Chandel,24.279575,94.077164,Debris,Debris,0.8145091775900403,Slide,0
AP/EK/83E03/2021/36,Arunachal Pradesh,East Kameng,27.177667,93.148694,Soil,Soil,0.9521451936763812,Slide,1
NG/PHE/83K2/2015/64,Nagaland,Phek,25.621,94.212,Rock,Debris,0.7807502066127526,Slide,1
MIZ/LUNG/84A12/2025/182,Mizoram,Lunglei,23.199095,92.586671,Earth,Debris,0.8572325856996408,Flow,1
MIZ/KOL/2024/792,Mizoram,Kolasib,23.55881111,93.10900556,Earth,Earth,0.5446603056035763,Slide,0
MIZ/AIZ/84A13/2016/135,Mizoram,Aizawl,23.801624,92.960437,Rock,Debris,0.6041996271515814,Slide,0
MIZ/AZL/2023/118,Mizoram,Aizawl,23.89083333,92.92055556,Debris,Debris,0.7858839220192998,Slide,0
MIZ/LUN/84A12/2025/063,Mizoram,Lunglei,23.187473,92.734547,Debris,Debris,0.680878624008392,Slide,0
MN/KAN/83H13/2018/7,Manipur,Kangpokpi,24.871861,93.778111,Debris,Debris,0.9277012318445663,Slide,0
MEG/WJH/83C4/2016/04,Meghalaya,West Jaintia Hills,25.226806,92.090611,Debris,Debris,0.9166709689834753,Slide,1
SKM/SS/78A12/2015/174,Sikkim,South Sikkim,27.160722,88.505889,Debris,Debris,0.9383232890660108,Slide,1
MN/CCP/83H08/2020/8,Manipur,Churachandpur,24.17,93.3,Debris,Debris,0.9354779548250564,Slide,0
NG/PHE/83K14/2017/10,Nagaland,Phek,25.583694,94.785639,Debris,Debris,0.8780148543694936,Slide,1
MZ/AIZ/83D16/2016/67,Mizoram,Aizawl,24.043187,92.77542,Rock,Rock,0.8186309857727575,Slide,0
MIZ/AZL/2024/274,Mizoram,Aizawl,23.67972222,92.72333333,Earth,Debris,0.9368354439064372,Slide,0
MIZ/KOL/2022/21,Mizoram,Kolasib,24.37077778,92.71769444,Earth,Other,0.4485425745012503,Slide,0
MN/CCP/83H12/2020/25,Manipur,Churachandpur,23.98,93.55,Rock,Rock,0.6360401370400222,Slide,1
MEG/WKH/78O10/2016/05,Meghalaya,West Khasi Hills,25.548306,91.61775,Rock,Debris,0.79687425094907,Slide,1
AP/KK/83E09/2021/26,Arunachal Pradesh,Kurung Kumey,27.897722,93.406306,Debris,Debris,0.9420326681571536,Slide,0
MZ/LAW/84B12/2020/41,Mizoram,Lawngtlai,22.24,92.6,Debris,Debris,0.9464260785181958,Slide,1
NG/PHE/83K10/2017/30,Nagaland,Phek,25.692222,94.584722,Rock,Debris,0.7566362336629314,Slide,1
MEG/SG/78K03/2022/04,Meghalaya,West Garo Hills,25.38163333,90.06033889,Debris,Debris,0.814385400205375,Slide,0
MZ/LUN/84A12/2018/78,Mizoram,Lunglei,23.104166,92.559998,Rock,Debris,0.5878244000303083,Slide,1
NG/PHE/83K14/2017/63,Nagaland,Phek,25.674944,94.762694,Debris,Debris,0.7255693268097002,Slide,0
MN/UKH/83K11/2017/85,Manipur,Ukhrul,25.471806,94.543,Debris,Debris,0.8192289060578846,Slide,1
MIZ/LUN/84A12/2025/153,Mizoram,Lunglei,23.112284,92.746288,Debris,Earth,0.5188765848467207,Slide,1
MIZ/LUNG/84A12/2025/202,Mizoram,Lunglei,23.206239,92.491221,Debris,Debris,0.9343072801224674,Slide,1
MZ/AIZ/84A14/2015/77,Mizoram,Aizawl,23.735086,92.829525,Rock,Debris,0.687809303607851,Slide,1
MZ/LUN/84B09/2017/0001,Mizoram,Lunglei,22.82104167,92.63873333,Soil,Soil,0.7422941973419261,Flow,1
NAG/KOH/83K1/2016/091,Nagaland,Kohima,25.942111,94.04625,Debris,Debris,0.9269956642698506,Slide,0
SKM/NS/78A10/2017/221,Sikkim,North Sikkim,27.700444,88.566083,Debris,Debris,0.9710588158605201,Slide,1
NAG/KOH/83K02/2008/F-3B,Nagaland,Kohima,25.66667,94.10972,Debris,Debris,0.9022637705021922,Slide,0
NG/MON/83N2/2017/42,Nagaland,Mon,26.576417,95.092972,Debris,Debris,0.8288501779680979,Slide,0
MZ/AIZ/83D16/2016/124,Mizoram,Aizawl,24.199201,92.993156,Rock,Rock,0.7446737069320947,Slide,1
MN/TAM/83H05/2018/10,Manipur,Tamenglong,24.860889,93.463222,Debris,Debris,0.9072097908432999,Slide,1
SKM/ES/78A11/2015/13,Sikkim,East Sikkim,27.214222,88.608361,Debris,Debris,0.8743146319530716,Slide,0
MZ/AIZ/84A11/2016/110,Mizoram,Aizawl,23.397126,92.757203,Rock,Rock,0.7177589177500211,Slide,1
AR/LOH/92A05/2014/06,Arunachal Pradesh,Lohit,27.90772,96.34517,Rock,Rock,0.7726562768044636,Fall,1
NL/KOH/83K01/2022/031,Nagaland,Kohima,25.884392,94.040381,Debris,Debris,0.8623151712733916,Slide,1
MIZ/LUNG/84A08/2025/212,Mizoram,Lunglei,23.180354,92.486971,Debris,Debris,0.9500726435996057,Slide,0
MZ/LUN/84B10/2020/82,Mizoram,Lunglei,22.67,92.69,Debris,Debris,0.8046579987556411,Slide,0
MZ/SER/84A15/2016/12,Mizoram,Serchhip,23.28388,92.857468,Debris,Rock,0.5244044937694846,Slide,1
MZ/LUN/84A08/2020/2,Mizoram,Lunglei,23.18,92.49,Debris,Debris,0.7147123781896875,Slide,0
NG/KOH/83K2/2015/176,Nagaland,Kohima,25.56,94.153,Debris,Debris,0.9536207024230916,Slide,0
ASM/DH/83G4/2016/41,Assam,Dima Hasao,25.188444,93.019667,Debris,Debris,0.6646263894354221,Slide,1
MG/WKH/78O03/2017/6,Meghalaya,West Khasi Hills,25.361056,91.034889,Debris,Debris,0.9327373114726643,Slide,1
MZ/LUN/84B05/2020/6,Mizoram,Lunglei,22.87,92.49,Debris,Debris,0.9199453672172563,Slide,1
MN/CCP/83H12/2020/29,Manipur,Churachandpur,24.18,93.59,Debris,Debris,0.7464488807935423,Slide,1
6977,Arunachal Pradesh,Papum Pare,27.252527,93.804341,Debris,Debris,0.9652458859103369,Slide,0
AS/DIM/83C16/2018/49,Assam,Dima Hasao,25.019029,92.770549,Debris,Debris,0.9317698462773786,Slide,1
NL/KOH/83K02/2014/40,Nagaland,Kohima,25.66264,94.11353,Debris,Debris,0.9550914035742545,Slide,0
MIZ/KOL/2022/27,Mizoram,Kolasib,24.16647222,92.69555556,Other,Earth,0.3323253479579874,Slide,0
MZ/LAW/84B15/2018/12,Mizoram,Lawngtlai,22.475,92.877998,Debris,Debris,0.9568955230939997,Slide,1
MZ/LUN/84B05/2020/33,Mizoram,Lunglei,22.9,92.47,Rock,Debris,0.9451898726830363,Slide,0
MN/KAM/83L05/2018/31,Manipur,Kamjong,24.833278,94.349639,Debris,Debris,0.7933627291704948,Slide,1
MIZ/AZL/2024/282,Mizoram,Aizawl,23.65138889,92.72694444,Debris,Debris,0.9563603219716366,Slide,0
MN/CDL/83L04/2020/62,Manipur,Chandel,24.19,94.2,Rock,Debris,0.5152362147757134,Slide,1
NG/PHE/83K14/2017/25,Nagaland,Phek,25.583833,94.858,Rock,Rock,0.7420862239277918,Slide,1
SKM/ES/78A12/2015/27,Sikkim,East Sikkim,27.220889,88.652278,Debris,Debris,0.8806570670682096,Slide,0
MZ/SAI/84B15/2018/43,Mizoram,Saiha,22.483999,92.954002,Debris,Rock,0.9082006254442924,Fall,1
MZ/AZL/84A10/2024/055,Mizoram,Aizawl,23.64638889,92.72638889,Debris,Debris,0.941021335020485,Slide,0
MIZ/AZL/2024/728,Mizoram,Aizawl,24.49112222,93.62215556,Earth,Debris,0.7845657582609632,Slide,0
AS/SON/83B09/2018/11,Assam,Sonitpur,26.97041,92.63436,Debris,Debris,0.9635268035559286,Slide,0
NG/TUE/83N3/2017/8,Nagaland,Tuensang,26.256833,95.096639,Rock,Debris,0.7701950431741224,Slide,1
MIZ/AZL/2024/351,Mizoram,Aizawl,23.62361111,92.78888889,Debris,Debris,0.5413192613784615,Slide,0
NG/KOH/83K2/2015/202,Nagaland,Kohima,25.672,94.106,Debris,Debris,0.9436636792100295,Slide,0
MZ/AIZ/84A14/2015/109,Mizoram,Aizawl,23.6445,92.990194,Debris,Debris,0.4984504880678999,Slide,1
ASM/DH/83G03/2023-24/003,Assam,Dima Hasao,25.362612,93.216888,Debris,Debris,0.5671839503039097,Slide,1
NG/PHE/83K10/2017/29,Nagaland,Phek,25.711278,94.579944,Debris,Debris,0.84533828348991,Slide,0
NG/PHE/83K2/2015/210,Nagaland,Phek,25.666,94.244,Rock,Debris,0.7932493592852703,Slide,0
MEG/RIB/78O09/2016/42,Meghalaya,Ri-Bhoi,25.936583,91.563917,Debris,Earth,0.9095974979724788,Slide,1
SKM/ES/78A11/2015/415,Sikkim,East Sikkim,27.370083,88.67925,Debris,Debris,0.9503228098388535,Slide,1
MIZ/AZL/2024/230,Mizoram,Aizawl,23.74083333,92.74111111,Debris,Debris,0.8828791262135696,Slide,0
MZ/LUN/84B13/2018/55,Mizoram,Lunglei,22.852823,92.815781,Debris,Debris,0.5947354953317775,Slide,0
MIZ/AZL/2024/290,Mizoram,Aizawl,23.64222222,92.72805556,Debris,Debris,0.9613979518713376,Slide,0
MN/TMG/83H09/2018/001,Manipur,Tamenglong,25.047833,92.789306,Soil,Debris,0.8461477042537026,Slide,1
MZ/MAM/84A10/2015/119,Mizoram,Mamit,23.68225,92.573694,Debris,Rock,0.864298160200666,Slide,1
MN/UKH/83K12/2017/41,Manipur,Ukhrul,25.100889,94.526556,Debris,Debris,0.7946719762823314,Slide,0
AS/KAM/83B4/2015/91,Assam,Kamrup,26.077844,92.035022,Debris,Debris,0.8969551555588859,Slide,0
MIZ/LUN/84A12/2025/101,Mizoram,Lunglei,23.157803,92.743652,Earth,Earth,0.5335760661990963,Slide,1
MAN/TAM/83G12/2017/0017,Manipur,Tamenglong,25.161861,93.729917,Debris,Debris,0.9339489751242676,Slide,1
MG/EKH/78O12/2017/56,Meghalaya,East Khasi Hills,25.229161,91.693249,Debris,Debris,0.5977025519954811,Slide,1
AS/KAM/78N16/2015/73,Assam,Kamrup,26.159333,91.917611,Debris,Debris,0.7437332321113228,Slide,0
MEG/WJH/83C4/2016/30,Meghalaya,West Jaintia Hills,25.189106,92.079564,Debris,Debris,0.9486886806425496,Slide,1
AP/DV/82P15/2022/130,Arunachal Pradesh,Dibang Valley,28.487041,95.848265,Debris,Debris,0.9066186136292697,Slide,1
NAG/ZUN/83J12/2016/0017,Nagaland,Zunheboto,26.154944,94.614503,Debris,Rock,0.4946928849124817,Slide,1
Tripura/Dhalai/78P16/2017/002,Tripura,Dhalai,24.16966667,91.76686111,Debris,Debris,0.7846895756138806,Slide,1
MG/WKH/78O06/2017/20,Meghalaya,South West Khasi Hills,25.519556,91.266444,Debris,Debris,0.6731282441178321,Slide,1
MIZ/AZL/2024/536,Mizoram,Aizawl,23.3725,92.75861111,Debris,Debris,0.9836550245905368,Other,0
MZ/AZL/84A10/2024/082,Mizoram,Aizawl,23.69,92.72361111,Debris,Debris,0.7777525115790563,Slide,1
NAG/PER/83G11/2017/0134,Nagaland,Peren,25.29725,93.630083,Debris,Debris,0.7098334875224549,Slide,1
MN/CDL/83L04/2020/23,Manipur,Chandel,24.19,94.02,Rock,Rock,0.7552367642497647,Slide,0
MG/WKH/78O02/2017/85,Meghalaya,West Khasi Hills,25.668317,91.114858,Debris,Debris,0.8812512040636573,Slide,1
MIZ/SER/84A15/2025/113,Mizoram,Serchhip,23.308778,92.858357,Debris,Debris,0.8646151422115537,Slide,0
MN/TAM/83H06/2018/13,Manipur,Tamenglong,24.734233,93.293194,Debris,Debris,0.9366199779672293,Slide,0
MZ/AZL/84A13/2016/03,Mizoram,Aizawl,23.94325,92.933611,Debris,Debris,0.7337907758333826,Slide,1
NAG/KOH/83K1/2016/098,Nagaland,Kohima,25.949278,94.025528,Earth,Debris,0.9490900848782224,Slide,0
NL/KOH/83K02/2022/016,Nagaland,Kohima,25.620164,94.207204,Debris,Debris,0.8723366881196278,Slide,1
AP/DV/82P15/2022/125,Arunachal Pradesh,Dibang Valley,28.494378,95.825225,Rock,Rock,0.9418254082462084,Fall,1
NAG/ZUNH/83J08/2015/ 0076,Nagaland,Zunheboto,26.232694,94.473083,Rock,Rock,0.5246544945367505,Slide,0
AR/EAK/84E03/2025/13,Arunachal Pradesh,East Kameng,27.296928,93.088111,Debris,Debris,0.9799627911991595,Slide,1
MG/WKH/78O02/2017/88,Meghalaya,West Khasi Hills,25.671944,91.096139,Debris,Debris,0.9507210428699377,Slide,1
AR/ES/82P04/2022/003,Arunachal Pradesh,East Siang,28.147806,95.224833,Debris,Debris,0.7042579220472954,Slide,1
MZ/CHA/84E08/2017/42,Mizoram,Champhai,23.081345,93.321054,Rock,Rock,0.9628586925737541,Fall,0
MN/CCP/83H11/2020/30,Manipur,Churachandpur,24.32,93.74,Debris,Debris,0.9492403176934145,Slide,1
MN/TEN/83L03/2018/49,Manipur,Tengnoupal,24.313111,94.230444,Debris,Debris,0.9099652490215598,Slide,1
AS/DIM/83C16/2018/28,Assam,Cachar,24.813648,93.073009,Debris,Debris,0.9037748287406683,Slide,1
MIZ/LUN/84A12/2025/099,Mizoram,Lunglei,23.160357,92.743677,Earth,Debris,0.6025193495813105,Slide,1
MZ/MAM/83D08/2020/5,Mizoram,Mamit,24.09,92.37,Debris,Debris,0.5597616030391988,Slide,0
MZ/CHA/84E07/2017/75,Mizoram,Champhai,23.366694,93.380139,Rock,Rock,0.8715695417713019,Fall,0
MIZ/LUN/84A12/2025/096,Mizoram,Lunglei,23.163136,92.7444,Debris,Earth,0.4898791669511541,Slide,1
6790,Nagaland,Zunheboto,25.85973,94.425459,Debris,Debris,0.8003835105118058,Slide,0
AR/WKG/83A03/2021/037,Arunachal Pradesh,West Kameng,27.367611,92.2415,Debris,Debris,0.9337503881284935,Slide,1
NAG/KIP/83K13/2016/061,Nagaland,Kiphire,25.786061,94.931447,Debris,Debris,0.9829817895812675,Slide,0
NAG/KIP/83K13/2016/037,Nagaland,Kiphire,25.914247,94.841489,Debris,Debris,0.981068960879494,Slide,0
MZ/KOL/83D12/2020/6,Mizoram,Mamit,24.08,92.51,Earth,Rock,0.5817130886240419,Slide,1
NAG/WOK/83J/4/2016/0041,Nagaland,Wokha,26.204472,94.214861,Debris,Debris,0.5305064317438769,Slide,1
MZ/CHA/84E07/2017/68,Mizoram,Champhai,23.361979,93.299909,Debris,Rock,0.5557405120661402,Slide,1
AP/PAP/83E15/2021/22,Arunachal Pradesh,Papum Pare,27.2745,93.797833,Debris,Debris,0.9587727654227194,Slide,1
NG/PHE/83K6/2015/309,Nagaland,Phek,25.614,94.319,Rock,Debris,0.8653957469318561,Slide,1
MIZ/AZL/2024/616,Mizoram,Aizawl,23.73794444,92.78613889,Rock,Debris,0.8248713850152034,Slide,0
MZ/LUN/84B13/2018/43,Mizoram,Lunglei,22.841097,92.792755,Rock,Debris,0.531611427213254,Slide,1
MZ/LUN/84A12/2018/26,Mizoram,Lunglei,23.230371,92.673973,Debris,Debris,0.5905644128080406,Slide,1
ASM/DH/83G4/2016/16,Assam,Dima Hasao,25.145861,93.024194,Debris,Debris,0.8721684808734405,Slide,0
AR/WKG/83A03/2021/032,Arunachal Pradesh,West Kameng,27.405861,92.133778,Debris,Debris,0.46754552859511145,Slide,1
MZ/LAW/84B16/2020/24,Mizoram,Saiha,22.15,92.99,Debris,Debris,0.9119225095895426,Slide,0
MZ/CHA/84E03/2017/59,Mizoram,Champhai,23.279667,93.232917,Soil,Debris,0.5017766666394956,Slide,1
MZ/CHA/84E08/2017/22,Mizoram,Champhai,23.14953,93.287758,Rock,Rock,0.5291833978724133,Slide,0
MG/EKH/78O12/2017/61,Meghalaya,East Khasi Hills,25.218821,91.581584,Rock,Rock,0.7539467983145224,Slide,0
MIZ/LUNG/84A12/2025/187,Mizoram,Lunglei,23.202247,92.57903,Debris,Debris,0.9096752114614468,Flow,1
AR/WKG/83A03/2021/036,Arunachal Pradesh,West Kameng,27.363417,92.24375,Debris,Debris,0.9573778954548786,Slide,1
MZ/LUN/84B05/2020/7,Mizoram,Lunglei,22.87,92.48,Debris,Debris,0.9145350127418351,Slide,1
MZ/CHA/84E03/2017/48,Mizoram,Champhai,23.477806,93.236611,Rock,Debris,0.5591771713966107,Slide,0
MG/WKH/78O02/2017/84,Meghalaya,West Khasi Hills,25.66675,91.121472,Debris,Debris,0.8609578948030299,Slide,1
MAN/TAM/83G12/2017/0105,Manipur,Tamenglong,25.117806,93.647528,Debris,Debris,0.9447078513182462,Slide,1
NG/KOH/83K2/2015/103,Nagaland,Kohima,25.63,94.014,Debris,Debris,0.8146942566757097,Slide,1
MN/CCP/83H08/2020/27,Manipur,Churachandpur,24.14,93.47,Debris,Debris,0.9645520237593089,Slide,1
AP/DV/82P15/2022/143,Arunachal Pradesh,Dibang Valley,28.462314,95.849136,Rock,Rock,0.9585855900898522,Fall,1
MZ/SAI/84F03/2020/10,Mizoram,Saiha,22.29,93.08,Debris,Debris,0.749390217190067,Slide,0
NAG/ZUN/83J12/2016/0064,Nagaland,Zunheboto,26.134722,94.631639,Debris,Rock,0.6233097187798381,Fall,1
SKM/WS/78A08/2015/392,Sikkim,West Sikkim,27.226556,88.308861,Debris,Debris,0.9586641661569697,Slide,1
NAG/ZUN/83K09/2016/136,Nagaland,Kiphire,25.966742,94.502006,Debris,Debris,0.9547978399143645,Slide,1
MN/CDL/83L04/2020/42,Manipur,Chandel,24.13,94.07,Rock,Rock,0.9743669578378319,Slide,0
MEG/RIB/78O09/2016/46,Meghalaya,Ri-Bhoi,25.9235,91.574222,Debris,Earth,0.7591644317166003,Slide,1
NG/TUE/83N4/2017/12,Nagaland,Tuensang,26.229861,95.0515,Debris,Rock,0.6957588213372234,Slide,1
MZ/LAW/84B11/2020/30,Mizoram,Lawngtlai,22.31,92.63,Debris,Debris,0.9111322409502853,Slide,1
ASM/DH/83G4/ PD/2016/12,Assam,Dima Hasao,25.17188889,93.02061111,Debris,Debris,0.7756709826526015,Slide,0
MIZ/AZL/2024/660,Mizoram,Aizawl,23.83888889,92.83194444,Earth,Debris,0.792207905187456,Slide,0
ASM/NAG/83B08/2017/35,Assam,Nagaon,26.117417,92.438667,Debris,Debris,0.576707959658485,Slide,1
MN/UKH/83K11/2017/100,Manipur,Ukhrul,25.410694,94.500056,Debris,Debris,0.6786917796406655,Slide,0
NG/KOH/83K2/2015/235,Nagaland,Kohima,25.726,94.076,Debris,Debris,0.9194523502411379,Slide,1
MAN/SEN/83G16/2015/48,Manipur,Senapati,25.124639,93.92575,Debris,Debris,0.7773223495609025,Slide,1
MIZ/AZL/2024/575,Mizoram,Aizawl,23.71388889,92.85722222,Debris,Debris,0.964175219842945,Slide,0
MIZ/AZL/2023/88,Mizoram,Aizawl,24.36555556,92.93,Debris,Debris,0.8963984461517621,Slide,1
MIZ/KOL/2024/839,Mizoram,Kolasib,24.57467222,93.14389722,Debris,Debris,0.9198733494964665,Slide,0
ASM/DH/83G4/2016/42,Assam,Dima Hasao,25.164,93.040194,Debris,Debris,0.7783137092537831,Slide,1
AS/DIH/83G08/2020/47,Assam,Dima Hasao,25.22,93.29,Rock,Debris,0.8244011049527248,Slide,1
MN/KAM/83L05/2018/48,Manipur,Kamjong,24.889031,94.306125,Debris,Debris,0.8043549980090632,Slide,1
MZ/LAW/84B10/2020/42,Mizoram,Lawngtlai,22.61,92.54,Debris,Debris,0.8886622534398619,Slide,1
MZ/SER/84A16/2018/41,Mizoram,Serchhip,23.222652,92.940269,Rock,Rock,0.7414891093909416,Slide,0
MIZ/AZL/2024/594,Mizoram,Aizawl,23.73777778,92.825,Debris,Debris,0.9097608028688783,Slide,0
MZ/LUN/84A12/2018/46,Mizoram,Lunglei,23.193548,92.684456,Rock,Debris,0.5177677702160453,Slide,0
MN/PZL/83H02/2020/31,Manipur,Pherzawl,24.52,93.09,Debris,Debris,0.9473558793161126,Slide,1
AP/EK/83E03/2021/39,Arunachal Pradesh,East Kameng,27.161806,93.136194,Earth,Soil,0.6491030364303704,Slide,1
AS/DIH/83G08/2020/30,Assam,Dima Hasao,25.14,93.3,Debris,Debris,0.842021685105539,Slide,0
MZ/LAW/84B11/2020/55,Mizoram,Lawngtlai,22.43,92.69,Rock,Debris,0.6589209316856235,Slide,0
MAN/TAM/83G12/2017/0068,Manipur,Tamenglong,25.061417,93.604889,Debris,Debris,0.927384311993799,Slide,1
ME/EKJ/78O15/2015/132,Meghalaya,East Khasi Hills,25.322897,91.927752,Rock,Debris,0.5034612757995244,Slide,1
MZ/CHA/84E02/2017/9,Mizoram,Champhai,23.629553,93.077474,Debris,Debris,0.6360407816730195,Slide,1
AP/LDV/82P16/2022/24,Arunachal Pradesh,Lower Dibang Valley,28.253453,95.908055,Rock,Rock,0.8134682750044152,Slide,1
AR/ESI/82L15/2022/59,Arunachal Pradesh,East Siang,28.287317,94.947651,Debris,Debris,0.9516988870761078,Slide,1
MN/TEN/83L03/2018/8,Manipur,Tengnoupal,24.316639,94.138139,Debris,Debris,0.751822729715084,Slide,1
MZ/KOL/83D12/2020/3,Mizoram,Mamit,24.17,92.53,Debris,Debris,0.5375097083681221,Slide,1
SKM/ES/78A11/2015/405,Sikkim,East Sikkim,27.369306,88.691583,Debris,Debris,0.9493731976512323,Slide,1
MG/WKH/78O02/2017/103,Meghalaya,West Khasi Hills,25.691444,91.057,Debris,Debris,0.6835853922637444,Slide,1
MZ/MAM/84A05/2020/13,Mizoram,Mamit,23.85,92.33,Debris,Rock,0.49606234771922225,Slide,1
MIZ/AZL/2024/625,Mizoram,Aizawl,23.71194444,92.86888889,Debris,Debris,0.9480270868957984,Slide,0
MN/SEN/83K02/2014/01,Manipur,Senapati,25.52103,94.13783,Debris,Debris,0.8783982134004622,Slide,1
MN/KAM/83L05/2018/69,Manipur,Kamjong,24.91475,94.464944,Debris,Debris,0.8473935021381441,Slide,1
ME/EKH/83C02/2015/159,Meghalaya,East Khasi Hills,25.674,92.157667,Earth,Debris,0.5496753747942225,Slide,0
MN/KPI/83G016/2022/01,Manipur,Kangpokpi,25.24868889,93.85251111,Rock,Debris,0.7725127726703801,Slide,1
MZ/SAI/84F04/2020/23,Mizoram,Saiha,22.18,93.01,Debris,Debris,0.9373663331981416,Slide,0
MN/UKH/83K11/2017/4,Manipur,Ukhrul,25.315444,94.504417,Soil,Soil,0.7635849932403684,Slide,0
MN/PZL/83H04/2020/7,Manipur,Pherzawl,24.23,93.08,Rock,Debris,0.9152612504262992,Slide,0
TR/DHA/84D04/2015/58,Tripura,Dhalai,24.039139,92.106944,Debris,Earth,0.6476457694481953,Slide,1
MN/CHU/83H10/2018/82,Manipur,Churachandpur,24.595972,93.721889,Rock,Debris,0.9530452560122217,Slide,1
MN/PZL/83H02/2020/33,Manipur,Pherzawl,24.52,93.09,Debris,Debris,0.9473558793161126,Slide,1
MEG/RIB/78O13/2016/5,Meghalaya,Ri-Bhoi,25.853111,91.881583,Debris,Earth,0.827795565177092,Slide,1
ME/EKJ/78O15/2015/103,Meghalaya,East Khasi Hills,25.351304,91.89353,Debris,Rock,0.7667775762627081,Slide,1
MZ/SER/84A15/2024/160,Mizoram,Serchhip,23.379441,92.844081,Debris,Debris,0.8898299207067035,Slide,0
"State: Sikkim/District : West
District/Toposheet:
78A/03/year: 2019",Sikkim,West District,27.36473056,88.23727778,Earth,Debris,0.8051721309045168,Slide,1
MZ/CHA/84E07/2017/115,Mizoram,Champhai,23.408528,93.361278,Rock,Rock,0.6460949352864921,Slide,0
MZ/LUN/84A12/2018/34,Mizoram,Lunglei,23.091749,92.695419,Debris,Rock,0.528371119423099,Slide,0
MN/TAM/83H09/2018/23,Manipur,Tamenglong,24.971389,93.559056,Debris,Debris,0.8398729735452879,Slide,0
SKM/NS/78A03/2017/74,Sikkim,West Sikkim,27.258778,88.202639,Debris,Debris,0.9270450054810405,Slide,1
MZ/LUN/84B13/2018/98,Mizoram,Lunglei,22.903807,92.757401,Rock,Rock,0.9164720800441288,Fall,0
ASM/DH/83G04/2022-23/029,Assam,Dima Hasao,25.170194,93.007389,Debris,Debris,0.9520524872286139,Slide,0
MEG/WJH/83C4/2016/10,Meghalaya,West Jaintia Hills,25.211722,92.065389,Debris,Debris,0.9395005129479697,Slide,1
MZ/CHA/84E07/2017/88,Mizoram,Champhai,23.379469,93.385565,Soil,Rock,0.5004694477256536,Slide,0
SK/ES/78 A11/IBP-I,Sikkim,East Sikkim,27.32888889,88.60777778,Rock,Debris,0.9604172726844041,Slide,1
MIZ/AZL/2024/530,Mizoram,Aizawl,23.37083333,92.75833333,Debris,Debris,0.9572687866098867,Slide,0
NL/MOK/83J07/2025/04,Nagaland,Mokokchung,26.425346,94.387013,Rock,Rock,0.4061581512633275,Slide,1
SKM/NS/78A04/2017/99,Sikkim,West Sikkim,27.167972,88.224778,Rock,Debris,0.6396734544040871,Slide,1
MIZ/AZL/2024/732,Mizoram,Aizawl,24.51785556,93.55086944,Debris,Debris,0.8259464824585421,Slide,0
AP/AW/91D8/2022/87,Arunachal Pradesh,Anjaw,28.100914,96.449162,Debris,Rock,0.8528273064161517,Slide,1
MG/EKH/78O12/2017/48,Meghalaya,East Khasi Hills,25.216805,91.709405,Rock,Debris,0.592481762783657,Slide,1
MEG/WJH/83C4/2016/57,Meghalaya,East Jaintia Hills,25.044778,92.430333,Debris,Rock,0.5523704948952813,Slide,1
MZ/CHA/84E03/2017/54,Mizoram,Champhai,23.48375,93.212611,Rock,Debris,0.5011657711915175,Slide,1
MG/WKH/78O02/2017/99,Meghalaya,West Khasi Hills,25.672167,91.066028,Debris,Debris,0.9420393417305378,Slide,1
NAG/KOH/83K1/2016/119,Nagaland,Kohima,25.936056,94.216444,Debris,Debris,0.8988927975318093,Slide,0
SKM/SS/78A08/2015/181,Sikkim,South Sikkim,27.162111,88.491444,Rock,Rock,0.9578251878373341,Fall,1
NL/KOH/83G13/2023/01,Nagaland,Kohima,25.76085556,93.94696111,Debris,Debris,0.7502701154296484,Slide,1
NAG/ZUN/83J12/2016/0019,Nagaland,Zunheboto,26.03853,94.58648,Debris,Rock,0.7414359070594978,Slide,1
ASM/DH/83G04/2022-23/018,Assam,Dima Hasao,25.162389,93.010222,Debris,Debris,0.9771598675970249,Slide,0
MEG/WJH/83C4/2016/12,Meghalaya,West Jaintia Hills,25.232417,92.178881,Debris,Debris,0.8580191137357313,Slide,1
MN/KAM/83L05/2018/32,Manipur,Kamjong,24.833889,94.346417,Rock,Debris,0.7922214543076408,Slide,1
NG/MON/83J14/2017/19,Nagaland,Mon,26.596389,94.990833,Rock,Debris,0.6389852561511493,Slide,1
MIZ/AZL/2024/279,Mizoram,Aizawl,23.66055556,92.72527778,Debris,Debris,0.9501680960787877,Slide,0
NG/MON/83N01/2017/52,Nagaland,Mon,26.834194,95.081639,Debris,Debris,0.48929652056069334,Slide,0
MZ/SER/84A15/2016/42,Mizoram,Serchhip,23.314208,92.858096,Rock,Debris,0.7270879904694166,Slide,0
MN/NON/83H10/2018/14,Manipur,Noney,24.653156,93.646406,Debris,Debris,0.9396352763718666,Slide,1
MZ/LUN/84A12/2018/29,Mizoram,Lunglei,23.208017,92.676277,Rock,Debris,0.5274337941251382,Slide,1
MIZ/LUNG/84A12/2025/207,Mizoram,Lunglei,23.209857,92.500587,Debris,Debris,0.9185439718692016,Slide,0
MZ/CHA/84E03/2017/35,Mizoram,Champhai,23.340722,93.081083,Debris,Debris,0.6461481536992909,Slide,1
MIZ/KOL/2024/840,Mizoram,Kolasib,24.57470833,93.13897222,Debris,Debris,0.9605132641858948,Other,0
MN/UKH/83K12/2017/45,Manipur,Ukhrul,25.096083,94.515806,Debris,Debris,0.6448571244882567,Slide,0
MZ/SER/84A15/2016/61,Mizoram,Serchhip,23.464394,92.855608,Rock,Debris,0.6918083229899096,Slide,1
MEGH/EKH/83C02/2009/D-31,Meghalaya,East Khasi Hills,25.54261,92.10867,Debris,Debris,0.7740748116732281,Slide,1
MIZ/KOL/2023/212,Mizoram,Kolasib,24.19111111,92.60222222,Rock,Rock,0.7467708237177282,Fall,0
SKM/ES/78A12/2015/143,Sikkim,East Sikkim,27.180417,88.51025,Rock,Debris,0.7534675559440633,Slide,1
MZ/LAW/84B11/2020/37,Mizoram,Lawngtlai,22.25,92.63,Debris,Debris,0.9579226691707997,Slide,1
AP/KK/83E09/2021/19,Arunachal Pradesh,Kurung Kumey,27.83275,93.504417,Debris,Debris,0.7756178809008997,Slide,0
SKM/ES/78A11/2015/414,Sikkim,East Sikkim,27.378667,88.699611,Rock,Debris,0.5584733817402051,Other,1
MG/WGH/78K03/2020/4,Meghalaya,West Garo Hills,25.5,90.22,Debris,Debris,0.9106161759186885,Slide,1
MIZ/AIZ/84A13/2016/21,Mizoram,Aizawl,23.883944,92.880528,Debris,Debris,0.7171577408021195,Slide,1
MEG/EKH/78O14/2021/02,Meghalaya,East Khasi Hills,25.64908889,91.899,Debris,Debris,0.659704363321634,Slide,1
MZ/KOL/83D15/2020/45,Mizoram,Kolasib,24.41,92.8,Debris,Debris,0.7166816062283414,Slide,0
NAG/TUEN/83J11/2015/ 0119,Nagaland,Tuensang,26.253611,94.616639,Debris,Rock,0.5370307132331503,Slide,0
MIZ/AZL/2024/247,Mizoram,Aizawl,23.74916667,92.69416667,Debris,Debris,0.8880435977032611,Slide,0
MN/NON/83H09/2018/58,Manipur,Noney,24.867694,93.625858,Debris,Debris,0.9238350279429791,Subsidence,1
6824,Arunachal Pradesh,East Kameng,27.311571,93.046703,Debris,Debris,0.5223518994300449,Slide,0
6803,Manipur,Noney,24.789504,93.66385,Debris,Debris,0.970953928367276,Slide,1
SKM/WS/78A07/2015/381,Sikkim,West Sikkim,27.3515,88.273028,Debris,Debris,0.8449240904476523,Slide,1
NG/NOK/83N04/2017/27,Nagaland,Noklak,26.174472,95.027972,Debris,Soil,0.4072589045667834,Slide,0
MIZ/AZL/2023/110,Mizoram,Aizawl,24.14083333,92.92527778,Rock,Debris,0.7167165033829132,Slide,0
MZ/CHA/84E07/2017/91,Mizoram,Champhai,23.307833,93.311672,Rock,Rock,0.6195683731996556,Slide,0
NG/MON/83N2/2017/55,Nagaland,Mon,26.576806,95.096889,Debris,Debris,0.8423396640059964,Slide,0
ASM/DH/83G4/2016/29,Assam,Dima Hasao,25.157139,93.017194,Debris,Debris,0.8517344335290431,Slide,1
SKM/ES/78A11/2015/161,Sikkim,East Sikkim,27.368194,88.711167,Rock,Rock,0.9663546956257302,Fall,0
MG/EKH/78O08/2017/5,Meghalaya,East Khasi Hills,25.247518,91.450545,Debris,Debris,0.6805995858280831,Slide,1
MZ/LAW/84B14/2018/51,Mizoram,Lawngtlai,22.513,92.793999,Rock,Rock,0.6010332256797893,Fall,1
AR/TIR/83N05/2022/012,Arunachal Pradesh,Tirap,26.994942,95.474591,Debris,Debris,0.8708293253606988,Slide,1
MG/EKH/78O12/2017/45,Meghalaya,East Khasi Hills,25.222221,91.742134,Debris,Debris,0.6325129300294439,Slide,1
MIZ/LUNG/84A12/2025/183,Mizoram,Lunglei,23.199415,92.585883,Earth,Debris,0.8813865968642641,Flow,1
NAG/PER/83G11/2017/0145,Nagaland,Peren,25.471556,93.726778,Debris,Debris,0.7289585434048408,Slide,0
MN/NON/83H05/2018/58,Manipur,Noney,24.765361,93.460889,Debris,Debris,0.8749597630252892,Slide,0
AP/PAP/83E12/2021/5,Arunachal Pradesh,Papum Pare,27.103069,93.641778,Debris,Debris,0.9463304876923408,Slide,0
MN/NON/83H09/2018/74,Manipur,Noney,24.808611,93.729078,Debris,Debris,0.9422390106827434,Slide,1
AR/WS/83I13/2022/097,Arunachal Pradesh,West Siang,27.858972,94.783917,Debris,Debris,0.5983745394441481,Slide,1
MN/CDL/83L04/2020/75,Manipur,Chandel,24.09,94.04,Rock,Rock,0.9782193689775435,Slide,0
AR/US/82P04/2022/047,Arunachal Pradesh,Upper Siang,28.484056,95.207056,Debris,Debris,0.915168187694269,Slide,1
NAG/KIP/83K13/2016/085,Nagaland,Kiphire,25.878525,94.947372,Debris,Debris,0.9822196844636362,Slide,0
MZ/CHA/83H04/2017/5,Mizoram,Champhai,24.023861,93.248192,Rock,Debris,0.5822274018630522,Slide,1
NG/MOK/83J10/2017/4,Nagaland,Mokokchung,26.674139,94.74625,Soil,Soil,0.7436673153990209,Slide,0
MZ/LAW/84B10/2020/17,Mizoram,Lawngtlai,22.62,92.64,Debris,Debris,0.8163363657371047,Slide,0
AP/KK/83E09/2021/23,Arunachal Pradesh,Kurung Kumey,27.872722,93.456306,Debris,Debris,0.954552951305103,Slide,0
TR/WTR/79M05/2018/003,Tripura,West Tripura,24.325444,94.232583,Soil,Debris,0.5587824782409964,Slide,0
MN/NON/83H09/2018/5,Manipur,Noney,24.79825,93.724083,Debris,Debris,0.9507626069511567,Slide,1
MIZ/AIZ/84A09/2016/91,Mizoram,Mamit,23.857278,92.646222,Debris,Debris,0.3611727327897963,Slide,1
MZ/CHA/84E01/2017/32,Mizoram,Champhai,23.800556,93.15889,Debris,Debris,0.6248555905978512,Slide,1
NA/MOK/83J06/2020/22,Nagaland,Mokokchung,26.54,94.44,Earth,Earth,0.5004524355666401,Subsidence,0
MIZ/AZL/2024/433,Mizoram,Aizawl,23.51611111,92.69833333,Earth,Debris,0.9402087225627908,Slide,0
MN/UKH/83K11/2017/86,Manipur,Ukhrul,25.468389,94.544917,Debris,Soil,0.5229087446431813,Slide,0
"State: Sikkim/district: East
District/toposheet:
78A/11/year: 2018/serial no.",Sikkim,East Sikkim,27.37027778,88.67361111,Debris,Debris,0.960050153954494,Subsidence,1
MIZ/LUN/84A12/2025/070,Mizoram,Lunglei,23.184091,92.738895,Debris,Debris,0.6839970661588634,Slide,0
MIZ/AZL/2023/138,Mizoram,Aizawl,23.65675,92.70352778,Debris,Debris,0.6985591989766616,Slide,0
MIZ/AZL/2024/355,Mizoram,Aizawl,23.6025,92.76527778,Debris,Debris,0.785287105699624,Slide,0
MN/UKH/83K12/2017/88,Manipur,Ukhrul,25.055186,94.599525,Debris,Debris,0.6118629298149694,Slide,0
MN/TAM/83H05/2018/15,Manipur,Tamenglong,24.986472,93.49425,Soil,Debris,0.8058746318402715,Slide,0
ME/RIB/2026/37,Meghalaya,Ri-Bhoi,25.80725833,91.87509444,Debris,Debris,0.6910745582731034,Slide,1
AS/DIM/83G4/2015/53,Assam,Dima Hasao,25.206,93.126,Earth,Earth,0.8089347458415369,Slide,1
AS/NAG/83F02/2018/2,Assam,Nagaon,26.56252,93.05658,Soil,Debris,0.9266746614180178,Slide,0
MN/JRM/83H02/2020/19,Manipur,Jiribam,24.73,93.17,Rock,Debris,0.8353111596288653,Slide,1
MZ/LAW/84B11/2020/16,Mizoram,Lawngtlai,22.34,92.71,Debris,Debris,0.9415954426197465,Slide,0
MZ/CHA/84E07/2017/22,Mizoram,Champhai,23.458778,93.263222,Rock,Rock,0.5879007060779865,Slide,1
MN/CCP/83H07/2020/6,Manipur,Churachandpur,24.37,93.52,Debris,Debris,0.9558025863949496,Slide,1
AS/KAM/78N16/2014/02,Assam,Kamrup (Metro),26.15478,91.77411,Earth,Earth,0.8081785641935033,Flow,1
NG/KOH/83K2/2015/177,Nagaland,Kohima,25.669,94.104,Debris,Debris,0.9488624401174056,Slide,0
AP/DV/82P/13/2022/LS-125,Arunachal Pradesh,Dibang Valley,28.823558,95.882966,Debris,Debris,0.9206015061956376,Slide,0
MZ/CHA/84E07/2017/33,Mizoram,Champhai,23.467679,93.250636,Rock,Debris,0.51694093549219,Slide,0
ASM/WKA/83C09/2016/12,Assam,West Karbi Anglong,25.82528,92.54775,Debris,Debris,0.793503964684751,Slide,1
AR/ANJ/91D11/2014/35,Arunachal Pradesh,Anjaw,28.28778,96.57928,Rock,Rock,0.7173968834523887,Slide,1
AP/KM/83I01/2021/8,Arunachal Pradesh,Kamle,27.751917,94.023472,Debris,Debris,0.7983558049223338,Slide,0
AR/WKG/83A12/2021/046,Arunachal Pradesh,West Kameng,27.112694,92.543472,Debris,Debris,0.9413178395442867,Slide,1
MN/CCP/83H12/2020/32,Manipur,Churachandpur,24.15,93.58,Debris,Debris,0.8378471332305307,Slide,1
MZ/LAW/84B11/2020/12,Mizoram,Lawngtlai,22.32,92.73,Debris,Debris,0.9413339135968551,Slide,1
MIZ/AZL/2024/760,Mizoram,Aizawl,23.09561111,93.20786389,Debris,Debris,0.975280074674556,Slide,0
MZ/AIZ/84E01/2017/89,Mizoram,Aizawl,23.835361,93.052414,Rock,Rock,0.6296643090964621,Slide,1
MZ/LUN/84B13/2018/82,Mizoram,Lunglei,22.890068,92.823021,Rock,Debris,0.6855888188184112,Slide,1
NG/TUE/83J15/2017/4,Nagaland,Tuensang,26.260556,94.813333,Debris,Debris,0.7768291770040243,Slide,1
MIZ/KOL/2022/10,Mizoram,Kolasib,24.34966667,92.75888889,Earth,Rock,0.37090036798562837,Slide,1
MZ/LUN/84A16/2018/73,Mizoram,Lunglei,23.025131,92.91922,Debris,Debris,0.6096270782413891,Slide,1
MIZ/KOL/2024/827,Mizoram,Kolasib,24.35137778,93.34095556,Debris,Debris,0.8471884979294954,Slide,0
AP/PAP/83E15/2021/45,Arunachal Pradesh,Papum Pare,27.328528,93.812528,Debris,Debris,0.9569218709391057,Slide,1
MZ/LUN/84A16/2018/33,Mizoram,Lunglei,23.143007,92.91124,Debris,Debris,0.5464036654455662,Slide,1
MIZ/AZL/84A11/2025/019,Mizoram,Aizawl,23.4785,92.7041,Debris,Debris,0.8265468546669698,Slide,1
MZ/CHA/84E06/2017/32,Mizoram,Champhai,23.54294,93.384772,Rock,Debris,0.8533956335297396,Slide,1
AR/US/82P04/2022/056,Arunachal Pradesh,Upper Siang,28.514083,95.178278,Rock,Debris,0.694895162810893,Slide,1
MZ/KLS/83D14/2020/8,Mizoram,Kolasib,24.5,92.77,Debris,Rock,0.5429519341153505,Slide,1
MIZ/AZL/2024/421,Mizoram,Aizawl,23.53611111,92.69777778,Debris,Debris,0.9293758752344137,Other,0
MZ/LAW/84B14/2018/30,Mizoram,Lawngtlai,22.501471,92.891663,Debris,Debris,0.9630966691484161,Slide,1
MN/KAM/83L05/2018/66,Manipur,Kamjong,24.906333,94.482917,Debris,Debris,0.6978423480136758,Slide,1
NL/KOH/83K02/2024/014,Nagaland,Kohima,25.6609,94.0536,Debris,Debris,0.9209260776020635,Slide,1
NA/DIM/83G13/2020/26,Nagaland,Dimapur,25.78,93.93,Debris,Debris,0.8315770440366516,Slide,1
MZ/AIZ/84A10/2015/226,Mizoram,Aizawl,23.742861,92.725389,Rock,Debris,0.5815185818409031,Slide,0
MN/WEI/83H13/2020/2,Manipur,West Imphal,24.83,93.9,Debris,Rock,0.4799792957195493,Slide,0
ARN/LS/83E15/2016/04,Arunachal Pradesh,Lower Subansiri,27.193425,93.780983,Debris,Debris,0.9595036765242511,Slide,1
NG/TUE/83J15/2017/24,Nagaland,Tuensang,26.275,94.770278,Rock,Rock,0.5856666318365239,Slide,1
NAG/KMA/83K2/2017/02,Nagaland,Kohima,25.688667,94.097333,Debris,Debris,0.9130748491027991,Subsidence,0
ASM/DH/83G3/ PD/2017 /02,Assam,Dima Hasao (N.C. Hills),25.40586111,93.11097222,Debris,Debris,0.4062493799657842,Slide,1
MZ/SER/84A15/2016/22,Mizoram,Serchhip,23.272218,92.873298,Debris,Debris,0.5590173503100629,Slide,1
LS_ASM_DH_0407/2024,Assam,Dima Hasao,25.147883,93.085354,Debris,Earth,0.5372626531243279,Slide,1
MG/WKH/78O02/2017/70,Meghalaya,West Khasi Hills,25.600736,91.177453,Debris,Debris,0.9603226331356215,Slide,1
NG/MON/83N01/2017/21,Nagaland,Mon,26.775944,95.072583,Debris,Debris,0.5445214223085726,Slide,0
ARN/TWG/RBR/2016-17/17,Arunachal Pradesh,Tawang,27.58647222,91.89636111,Debris,Debris,0.6695621391000105,Other,0
MZ/LAW/84B11/2020/17,Mizoram,Lawngtlai,22.34,92.68,Debris,Debris,0.9536412584601164,Slide,1
ME/WJH/83C03/2015/180,Meghalaya,West Jaintia Hills,25.266067,92.204897,Debris,Rock,0.6223977762468685,Slide,1
MN/PZL/83H02/2020/38,Manipur,Pherzawl,24.52,93.11,Debris,Debris,0.9181805269931987,Slide,0
NG/PHE/83K14/2017/4,Nagaland,Phek,25.646389,94.766389,Debris,Debris,0.8556523509755782,Slide,0
NG/KOH/83K2/2015/122,Nagaland,Kohima,25.566,94.168,Debris,Debris,0.9313843066620761,Slide,1
MZ/AIZ/84E01/2017/105,Mizoram,Aizawl,23.805779,93.027115,Rock,Rock,0.6446117630364834,Slide,1
AR/ANJ/91D11/2014/37,Arunachal Pradesh,Anjaw,28.2625,96.5465,Rock,Debris,0.5387240976179505,Slide,1
MZ/SAI/84B15/2018/55,Mizoram,Saiha,22.434999,92.945999,Debris,Debris,0.9602109471639472,Slide,0
MN/UKH/83K12/2017/6,Manipur,Ukhrul,25.083694,94.502278,Soil,Soil,0.5379836384456295,Slide,0
AP/LDV/82P11/2022/LS60,Arunachal Pradesh,East Siang,28.160853,95.446925,Debris,Debris,0.9253359211297156,Slide,1
ARN/TWNG/78M14/2016/0024,Arunachal Pradesh,Tawang,27.596639,91.878972,Debris,Debris,0.7831078235151233,Slide,0
NG/KOH/83K2/2015/36,Nagaland,Kohima,25.711,94.09,Debris,Debris,0.9160119898770576,Slide,1
MZ/AZL/84A10/2024/019,Mizoram,Aizawl,23.731,92.70644444,Debris,Debris,0.8633808235570173,Slide,0
NG/PHE/83K14/2017/8,Nagaland,Phek,25.588389,94.78825,Debris,Debris,0.8426271941430513,Slide,1
AR/ANJ/91D11/2014/17,Arunachal Pradesh,Anjaw,28.28386,96.58275,Debris,Rock,0.7274709447425561,Slide,1
AP/LDV/82P16/2022/63,Arunachal Pradesh,Lower Dibang Valley,28.212275,95.802589,Debris,Rock,0.6528511958345776,Slide,1
MZ/AZL/84A10/2024/083,Mizoram,Aizawl,23.68361111,92.72277778,Debris,Debris,0.8396782893194666,Slide,1
MIZ/LUNG/84A12/2025/203,Mizoram,Lunglei,23.20549,92.543278,Earth,Debris,0.8836461978129185,Slide,1
AP/DV/82P/13/2022/LS-139,Arunachal Pradesh,Dibang Valley,28.873622,95.850285,Debris,Debris,0.7466193433660319,Slide,1
MZ/MAM/84A10/2015/163,Mizoram,Mamit,23.608389,92.596889,Rock,Rock,0.8065080009420807,Slide,0
SKM/WS/78A08/2015/390,Sikkim,West Sikkim,27.237917,88.30475,Rock,Debris,0.9644170862508707,Slide,1
"Mizoram/Aizawl/84A14/2018/0
01",Mizoram,Aizawl,23.72949444,92.77544444,Rock,Debris,0.6147669166617747,Slide,1
AP/LDV/82P16/2022/71,Arunachal Pradesh,Lower Dibang Valley,28.21267,95.803194,Debris,Rock,0.7388411293861094,Slide,1
MZ/SER/84A16/2018/17,Mizoram,Serchhip,23.242828,92.798134,Rock,Rock,0.8893695175126097,Fall,1
MZ/CHA/84E07/2017/85,Mizoram,Champhai,23.375972,93.384639,Rock,Debris,0.7748899499727266,Slide,0
MIZ/KOL/2024/879,Mizoram,Kolasib,24.56062778,93.18938889,Earth,Debris,0.9203192315664814,Slide,0
NG/PHE/83K14/2017/32,Nagaland,Phek,25.593333,94.855194,Debris,Rock,0.8431357932247314,Slide,1
NAG/KOH/83K1/2016/059,Nagaland,Kohima,25.757139,94.246194,Debris,Debris,0.9568192204715598,Slide,0
MZ/CHA/84E01/2017/43,Mizoram,Champhai,23.938583,93.213997,Rock,Debris,0.6980735842432433,Slide,1
NL-07/2012-13,Nagaland,Kohima,25.67005556,94.113,Other,Other,0.6043856713319707,Other,0
AR/CHNG/92A03/2022/098,Arunachal Pradesh,Changlang,27.268973,96.037707,Debris,Debris,0.9590273156473346,Slide,1
SKM/NS/78A10/2017/208,Sikkim,North Sikkim,27.745194,88.544278,Debris,Debris,0.9799245172185991,Slide,1
5761,Nagaland,Zunheboto,26.050603,94.634088,Debris,Debris,0.7616386274112028,Slide,0
MZ-31/2011,Mizoram,Aizawl,23.70213889,92.71822222,Other,Other,0.47320551044433734,Other,0
ASM/DH/83G4/ PD/2016/32,Assam,Dima Hasao,25.23925,93.03152778,Earth,Debris,0.5812856666471742,Slide,1
NG/NOK/83N04/2017/25,Nagaland,Noklak,26.196333,95.019417,Debris,Debris,0.6075719942756117,Slide,1
NG/MON/83N2/2017/63,Nagaland,Mon,26.6435,95.075444,Rock,Debris,0.6592520602996107,Slide,1
MEG/RIB/83C1/2016/7,Meghalaya,Ri-Bhoi,25.75634,92.017832,Rock,Debris,0.6671587863838934,Slide,1
MZ/SER/84A15/2016/118,Mizoram,Serchhip,23.308202,92.731268,Rock,Rock,0.5795572981160805,Slide,1
SKM/ES/78A11/2015/97,Sikkim,East Sikkim,27.282444,88.598917,Debris,Debris,0.9196885439965635,Slide,0
MIZ/LUNG/84B13/2025/074,Mizoram,Lunglei,22.903454,92.760096,Debris,Debris,0.9173223611743689,Slide,0
MZ/LUN/84A16/2018/54,Mizoram,Lunglei,23.038607,92.795174,Rock,Debris,0.6732744899791941,Slide,0
MN/NON/83H06/2018/7,Manipur,Noney,24.720167,93.496944,Debris,Debris,0.9048790070980831,Slide,0
ME/EKJ/78O15/2015/84,Meghalaya,East Khasi Hills,25.385535,91.988473,Debris,Debris,0.6183162929435205,Slide,1
AS/BON/78J11/2018/1,Assam,Bongaigaon,26.3733,90.5499,Debris,Debris,0.94136995014887,Slide,0
MG/WKH/78O02/2017/16,Meghalaya,West Khasi Hills,25.551225,91.232636,Debris,Debris,0.8258992651107557,Slide,1
MN/KAM/83L05/2018/43,Manipur,Kamjong,24.835145,94.340419,Debris,Debris,0.8895649883432319,Slide,0
MAN/UKH/83K08/2015/059,Manipur,Ukhrul,25.181583,94.304444,Debris,Debris,0.8045658569623829,Slide,0
MN/UKH/83K11/2017/66,Manipur,Ukhrul,25.409222,94.589389,Debris,Soil,0.7004455648241336,Slide,0
NG/TUE/83N4/2017/6,Nagaland,Tuensang,26.221083,95.030139,Rock,Rock,0.6180226782983235,Slide,1
NG/KOH/83K2/2015/47,Nagaland,Kohima,25.686,94.043,Debris,Debris,0.9104399433885174,Slide,1
MZ/LUN/84B13/2018/76,Mizoram,Lunglei,22.874456,92.901688,Soil,Debris,0.7147022564073612,Slide,0
MIZ/LUN/84A12/2025/052,Mizoram,Lunglei,23.197825,92.73502,Debris,Debris,0.5205252830608964,Slide,1
TR/NTR/84D08/2015/36,Tripura,North Tripura,24.228111,92.287417,Earth,Debris,0.6911905226843774,Slide,0
MN/CDL/83H16/2020/26,Manipur,Chandel,24.16,93.95,Rock,Rock,0.9199660089806915,Slide,0
4697,Meghalaya,Eastern-West Khasi Hill,25.65977222,91.63440556,Debris,Debris,0.8961442414857087,Fall,1
MEG/WJH/83C4/2016/33,Meghalaya,West Jaintia Hills,25.148158,92.177172,Debris,Debris,0.9249178170894194,Slide,1
MZ/AZL/84A13/2024/152,Mizoram,Aizawl,23.80750556,92.83417222,Earth,Debris,0.6709262552833353,Slide,0
MIZ/LUN/84A16/2025/181,Mizoram,Lunglei,23.063838,92.769004,Debris,Debris,0.8089903989686624,Slide,1
7239,Meghalaya,Ri-Bhoi,25.75297778,91.88535278,Debris,Debris,0.6888620580729885,Fall,1
MZ/LAW/84B12/2020/6,Mizoram,Lawngtlai,22.22,92.62,Debris,Debris,0.9445206443532396,Slide,1
7044,Nagaland,Phek,25.671439,94.225017,Debris,Debris,0.8257078907916703,Slide,0
AR/83E/12/2021/05,Arunachal Pradesh,Papum Pare,27.10375,93.61529,Debris,Debris,0.9448000331190519,Slide,0
MZ/AIZ/83D16/2016/89,Mizoram,Aizawl,24.094248,92.917745,Rock,Earth,0.41649224124393325,Slide,1
SKM/NS/78A03/2017/56,Sikkim,West Sikkim,27.33325,88.213583,Debris,Debris,0.9058880026909198,Slide,1
AS/WKA/83C09/2020/20,Assam,West Karbi Anglong,25.96458,92.52081,Debris,Earth,0.484053739933548,Slide,1
MN/KAM/83L06/2018/33,Manipur,Kamjong,24.618583,94.308778,Debris,Debris,0.9025686861669914,Slide,1
MZ/CHA/84E05/2017/16,Mizoram,Champhai,23.788666,93.386139,Debris,Debris,0.8767138479687684,Slide,0
MN/NON/83H05/2018/31,Manipur,Noney,24.841472,93.495917,Debris,Debris,0.9057096567846444,Slide,0
MG/WKH/78O02/2017/25,Meghalaya,West Khasi Hills,25.572492,91.209156,Debris,Debris,0.9115056704299302,Slide,1
MZ/LUN/84A16/2018/57,Mizoram,Lunglei,23.006939,92.98938,Rock,Debris,0.6048369529063805,Slide,0
MZ/CHA/84E01/2017/26,Mizoram,Champhai,23.803364,93.159164,Rock,Debris,0.6103093603129996,Slide,0
AS/JOR/83J06/2020/5,Assam,Jorhat,26.55,94.36,Earth,Earth,0.7053310903166328,Slide,0
MZ/AIZ/84A10/2015/218,Mizoram,Aizawl,23.716278,92.727694,Debris,Rock,0.7316456121217308,Slide,0
AR/WKG/83A12/2021/057,Arunachal Pradesh,West Kameng,27.092028,92.597028,Rock,Debris,0.9420865896737077,Slide,1
SKM/NS/78A11/2015/05,Sikkim,North Sikkim,27.418472,88.616083,Debris,Debris,0.9338728171388887,Slide,1
MIZ/AZL/2024/262,Mizoram,Aizawl,23.69777778,92.71944444,Debris,Debris,0.8332962445045433,Slide,0
AP/WSG/83I09/2021/99,Arunachal Pradesh,West Siang,27.794333,94.73075,Rock,Rock,0.724706146888944,Slide,1
NG/KOH/83K2/2015/220,Nagaland,Kohima,25.72,94.109,Debris,Debris,0.9312424871315926,Slide,1
SKM-10/2012-13,Sikkim,North Sikkim,27.56941667,88.65272222,Debris,Debris,0.8785493117848174,Slide,1
MN/TAM/83H05/2018/24,Manipur,Tamenglong,24.85225,93.449639,Debris,Debris,0.9145157540539467,Slide,0
MIZ/AZL/2023/114,Mizoram,Aizawl,23.90527778,92.92083333,Debris,Debris,0.8404230339379233,Slide,0
MZ/KLS/83D11/2020/8,Mizoram,Kolasib,24.28,92.64,Debris,Debris,0.6673792898078079,Slide,1
NG/PHE/83K6/2015/254,Nagaland,Phek,25.654,94.438,Debris,Debris,0.8674599958469635,Slide,1
MZ/LAW/84B11/2020/3,Mizoram,Lawngtlai,22.43,92.75,Debris,Debris,0.5346348139615114,Fall,1
ASM/NAG/83B08/2017/10,Assam,Nagaon,26.103028,92.440889,Earth,Debris,0.8362424942348878,Slide,1
MIZ/AZL/2024/352,Mizoram,Aizawl,23.62527778,92.78638889,Debris,Debris,0.6698977001586639,Slide,0
MG/EKH/78O12/2017/36,Meghalaya,East Khasi Hills,25.209427,91.646032,Rock,Rock,0.8201212071890441,Slide,1
7031,Nagaland,Chumoukedima,25.732909,93.685619,Soil,Debris,0.7225755105259539,Slide,0
MN/UKH/83L01/2018/1,Manipur,Ukhrul,24.936361,94.160028,Soil,Debris,0.7231132986278126,Slide,1
MAN/UKH/83K08/2015/019,Manipur,Ukhrul,25.095611,94.384778,Rock,Rock,0.7445122930420669,Fall,1
MIZ/KOL/2023/179,Mizoram,Kolasib,23.94722222,92.68527778,Debris,Debris,0.5711898910458437,Slide,0
MIZ/SER/84A15/2025/108,Mizoram,Serchhip,23.311529,92.85443,Debris,Debris,0.8530223235449456,Slide,0
MN/NON/83H10/2018/16,Manipur,Noney,24.647011,93.672828,Debris,Debris,0.956471003861717,Slide,1
MN/UKH/83K11/2017/97,Manipur,Ukhrul,25.413086,94.526303,Debris,Debris,0.7773361722537541,Slide,0
MIZ/MAM/84A09/2016/126,Mizoram,Mamit,23.780864,92.577909,Debris,Debris,0.8325091223309642,Slide,0
NAG/ZUN/83K09/2016/108,Nagaland,Kiphire,25.954636,94.607456,Debris,Debris,0.978074560751408,Slide,0
MAN/TAM/83H09/2007/C-3B,Manipur,Tamenglong,24.98722,93.50361,Debris,Debris,0.9154487456573792,Slide,0
6831,Manipur,Noney,24.863924,93.617853,Debris,Debris,0.9447657623584137,Slide,1
MZ/CHA/84E06/2017/21,Mizoram,Champhai,23.647342,93.303877,Rock,Debris,0.8428197364933263,Slide,1
Sikkim/NK/78A11/2022/SP1,Sikkim,North Sikkim,27.5401,88.56929167,Debris,Debris,0.8478369075452065,Slide,1
MZ/LUN/84B13/2018/89,Mizoram,Lunglei,22.897877,92.934364,Debris,Debris,0.7665372672628458,Slide,0
AP/WSG/83I09/2021/105,Arunachal Pradesh,West Siang,27.773972,94.7135,Rock,Rock,0.5709254514350487,Slide,1
MZ/LAW/84B16/2020/15,Mizoram,Saiha,22.1,92.86,Debris,Debris,0.990202237042266,Slide,1
MN/KAN/83H13/2018/16,Manipur,Kangpokpi,24.864833,93.772583,Debris,Debris,0.8667031277811911,Slide,0
MZ/LAW/84B10/2020/31,Mizoram,Lawngtlai,22.68,92.59,Debris,Debris,0.7405010812015193,Slide,0
MN/TAM/83H05/2018/89,Manipur,Tamenglong,24.768778,93.386806,Debris,Debris,0.8437377528238481,Slide,0
NA/DIM/83G13/2020/22,Nagaland,Dimapur,25.77,93.93,Debris,Debris,0.8320845097728177,Slide,1
MZ/CHA/84E01/2017/12,Mizoram,Champhai,23.798611,93.16378,Debris,Debris,0.5036372758429009,Slide,0
MN/UKH/83K12/2017/53,Manipur,Ukhrul,25.064444,94.620278,Soil,Debris,0.6636922153455439,Slide,0
MN/NON/83H10/2018/58,Manipur,Noney,24.626389,93.604389,Soil,Debris,0.9641625097432188,Slide,1
ML-09/2012-13,Meghalaya,Jaintia Hills,25.09055556,92.35972222,Other,Other,0.9874070281225816,Other,0
MEG/RIB/78O09/2016/45,Meghalaya,Ri-Bhoi,25.930386,91.571822,Earth,Earth,0.8280758093828279,Slide,1
7592,Nagaland,Kohima,25.840228,94.15148,Debris,Debris,0.7721840596956484,Slide,0
MZ/LUN/84A12/2018/18,Mizoram,Lunglei,23.045416,92.705612,Rock,Debris,0.6045635312638492,Slide,0
AS/KAM/78N16/2014/07,Assam,Kamrup (Metro),26.10711,91.78917,Earth,Earth,0.7534372096170705,Flow,1
MIZ/AZL/2024/462,Mizoram,Aizawl,23.54361111,92.67722222,Debris,Debris,0.9641175869802483,Slide,0
MG/WKH/78O06/2017/2,Meghalaya,West Khasi Hills,25.528308,91.395711,Debris,Debris,0.886323480872015,Slide,1
MZ/AIZ/84E01/2017/107,Mizoram,Aizawl,23.899305,93.015587,Rock,Debris,0.7368882884640527,Slide,0
MN/CCP/83H11/2020/43,Manipur,Churachandpur,24.35,93.54,Debris,Debris,0.9387732158881651,Slide,1
MZ/SER/84A15/2016/71,Mizoram,Serchhip,23.440711,92.864298,Rock,Debris,0.5143827965514556,Slide,1
MIZ/AZL/2024/482,Mizoram,Aizawl,23.5325,92.65555556,Debris,Debris,0.9489092751394163,Slide,0
SKM/ES/78A12/2015/104,Sikkim,East Sikkim,27.190067,88.596483,Rock,Debris,0.9267955110683304,Slide,1
MZ/LAW/84B11/2020/5,Mizoram,Lawngtlai,22.48,92.73,Debris,Debris,0.7805120383185153,Slide,0
NG/PHE/83K6/2015/315,Nagaland,Phek,25.625,94.335,Debris,Debris,0.8777237501054455,Slide,1
MZ/LAW/84B16/2020/8,Mizoram,Saiha,22.21,92.96,Debris,Debris,0.946358472475873,Slide,1
MZ/LUN/84B05/2020/34,Mizoram,Lunglei,22.89,92.47,Rock,Debris,0.6984376196870486,Slide,0
MZ/SAI/84B15/2019/5,Mizoram,Saiha,22.369862,92.934998,Debris,Debris,0.8733571696133129,Slide,0
MZ/CHA/84E03/2017/73,Mizoram,Champhai,23.388585,93.2446,Rock,Rock,0.4633099986784524,Slide,0
MIZ/AZL/2024/627,Mizoram,Aizawl,23.71166667,92.87833333,Debris,Debris,0.9394418768524468,Slide,0
MZ/LAW/84B15/2018/8,Mizoram,Lawngtlai,22.458916,92.886108,Rock,Rock,0.8572669738770465,Fall,1
6988,Arunachal Pradesh,Papum Pare,27.113024,93.606339,Debris,Debris,0.9211719764097975,Slide,0
MN/UKH/83L02/2018/21,Manipur,Ukhrul,24.728611,94.224861,Debris,Debris,0.755152436661222,Slide,0
MZ/LUN/84B09/2018/29,Mizoram,Lunglei,22.959173,92.708145,Debris,Debris,0.8239898755377679,Slide,0
ASM/DH/83G4/2016/26,Assam,Dima Hasao,25.156583,93.019611,Debris,Debris,0.8552587655092314,Slide,1
MZ/CHA/84E07/2017/36,Mizoram,Champhai,23.468361,93.304222,Rock,Debris,0.6627723771243743,Slide,1
AS/DIM/83G07/2017/30,Assam,Dima Hasao,25.398083,93.297528,Soil,Debris,0.7686551594505382,Slide,1
MZ/LAW/84B12/2020/34,Mizoram,Lawngtlai,22.24,92.68,Debris,Debris,0.9490891162538122,Slide,1
NG/MON/83N2/2017/33,Nagaland,Mon,26.62125,95.12575,Soil,Debris,0.7782147577280578,Slide,1
NAG/TUEN/83J11/2015/ 0123,Nagaland,Tuensang,26.372667,94.71375,Rock,Rock,0.4965955234603744,Slide,0
MZ/KOL/83D12/2020/2,Mizoram,Mamit,24.13,92.52,Debris,Rock,0.48922136967562374,Slide,1
MN/UKH/83K12/2017/83,Manipur,Ukhrul,25.18425,94.522667,Debris,Debris,0.7454181802462612,Slide,0
AR/ANJ/91D08/2014/15,Arunachal Pradesh,Anjaw,28.01661,96.44172,Debris,Rock,0.5241762766151629,Other,1
MZ/LAW/84B10/2020/4,Mizoram,Lawngtlai,22.61,92.66,Debris,Debris,0.8889149342157832,Slide,0
SK/ES/78 A16/TL01,Sikkim,East Sikkim,27.19558889,88.62802778,Debris,Debris,0.8552274931729595,Slide,1
MZ/AZL/84A10/2024/074,Mizoram,Aizawl,23.67388889,92.71472222,Debris,Debris,0.8920042437876182,Slide,0
SKM/ES/78A12/2015/142,Sikkim,East Sikkim,27.180528,88.518611,Debris,Debris,0.7927989089922658,Slide,1
NG/MON/83J15/2017/12,Nagaland,Mon,26.359722,94.935556,Rock,Debris,0.5969017025316007,Slide,0
MZ/AIZ/83D16/2016/94,Mizoram,Aizawl,24.067576,92.893076,Rock,Earth,0.45567800100442896,Slide,1
MIZ/AZL/2024/727,Mizoram,Aizawl,24.45131667,93.60013333,Debris,Debris,0.8283681809999914,Slide,0
MN/CCP/83H07/2020/3,Manipur,Churachandpur,24.34,93.32,Debris,Debris,0.968401766617768,Slide,1
MZ/CHA/83H08/2017/2,Mizoram,Champhai,24.003889,93.323502,Debris,Debris,0.7463266570029043,Slide,0
NAG/KOH/83K1/2016/084,Nagaland,Kohima,25.879889,94.035417,Debris,Debris,0.8933368033283401,Slide,0
MZ/MAM/84A10/2015/127,Mizoram,Mamit,23.737167,92.557167,Rock,Debris,0.7028547191170389,Slide,1
MN/NON/83H05/2018/82,Manipur,Noney,24.799333,93.435417,Debris,Debris,0.8528542564001258,Slide,0
MZ/LUN/84A16/2018/67,Mizoram,Lunglei,23.087177,92.853889,Rock,Debris,0.5612540009257942,Slide,0
AR/US/82P02/2022/063,Arunachal Pradesh,Upper Siang,28.619917,95.057583,Debris,Soil,0.4997650592682167,Slide,1
MZ/SER/84A15/2016/29,Mizoram,Serchhip,23.302456,92.853533,Rock,Debris,0.6698268171040463,Slide,1
AR/USI/82L13/2022/40,Arunachal Pradesh,Upper Siang,28.762661,94.860138,Debris,Debris,0.9706969478013736,Slide,1
ME/EWK/2026/43,Meghalaya,Eastern-West Khasi Hill,25.69688611,91.64176667,Debris,Debris,0.9078989151443064,Slide,1
AR/PP/83E/12/2021/01,Arunachal Pradesh,Papum Pare,27.03106,93.62292,Debris,Debris,0.862924186424062,Slide,1
MAN/SEN/83G14/2015/35,Manipur,Senapati,25.523,93.955,Debris,Debris,0.6864081682010132,Slide,1
NG/PHE/83K14/2017/27,Nagaland,Phek,25.586389,94.858222,Rock,Rock,0.7935039152495038,Slide,1
ASM/WKA/83C09/2016/8,Assam,West Karbi Anglong,25.965731,92.59267,Earth,Debris,0.8737510772028558,Slide,1
AR/LON/83N05/2022/006,Arunachal Pradesh,Longding,26.904445,95.360399,Debris,Debris,0.9606704209084064,Slide,1
MIZ/AZL/2023/81,Mizoram,Aizawl,23.51980556,92.70066667,Debris,Debris,0.6442991615821418,Slide,1
MZ/SER/84E03/2017/12,Mizoram,Serchhip,23.470139,93.025944,Debris,Debris,0.6882133021945454,Slide,1
ME/EKJ/78O15/2015/136,Meghalaya,East Khasi Hills,25.391265,91.884164,Debris,Rock,0.5697904371134805,Slide,1
AR/EK/ 83A14/2020-21/12,Arunachal Pradesh,East Kameng,27.566131,92.973072,Debris,Debris,0.5537869336297163,Slide,1
NG/PHE/83K14/2017/28,Nagaland,Phek,25.586389,94.858222,Rock,Rock,0.7935039152495038,Slide,1
NG/TUE/83J15/2017/52,Nagaland,Tuensang,26.418333,94.968056,Debris,Debris,0.8861334802381383,Slide,1
MEG/EKH/78O14/2020/10,Meghalaya,East Khasi Hills,25.59875,91.86427778,Debris,Debris,0.6423897569360847,Slide,1
NG/NOK/83N04/2017/52,Nagaland,Noklak,26.064111,95.03975,Rock,Rock,0.7964328965497729,Fall,0
ASM/DH/83G4/ PD/2016/34,Assam,Dima Hasao,25.23297222,93.03325,Earth,Debris,0.5790028368115577,Slide,1
AS/DIM/83G07/2017/59,Assam,Dima Hasao,25.4375,93.404444,Debris,Debris,0.6724203125717564,Slide,0
MIZ/AIZ/84A09/2016/97,Mizoram,Mamit,23.805313,92.592663,Rock,Debris,0.7049824402629744,Slide,1
MG/WGH/78K03/2020/1,Meghalaya,West Garo Hills,25.5,90.21,Debris,Debris,0.6896363092326576,Slide,1
SKM/SS/78A08/2015/275,Sikkim,South Sikkim,27.162778,88.413222,Rock,Debris,0.749339046444815,Slide,1
NAG/ZUN/83J12/2016/0054,Nagaland,Zunheboto,26.028806,94.638389,Debris,Rock,0.7359739673426511,Slide,1
MN/NON/83H05/2018/59,Manipur,Noney,24.764917,93.46125,Debris,Debris,0.8174328013198806,Slide,0
NL/CMK/83G13/2023/31,Nagaland,Chumoukedima,25.78017222,93.80064167,Rock,Rock,0.8472451551994131,Slide,1
MAN/TAM/83G12/2017/0048,Manipur,Tamenglong,25.157667,93.6845,Earth,Debris,0.8462961366142484,Slide,1
MIZ/SER/84A15/2025/135,Mizoram,Serchhip,23.3466,92.854847,Debris,Debris,0.8777371707850292,Slide,0
AR/EK/ 83A14/2020-21/10,Arunachal Pradesh,East Kameng,27.521083,92.995444,Debris,Rock,0.526811473854832,Slide,1
NG/PHE/83K6/2015/316,Nagaland,Phek,25.598,94.31,Debris,Debris,0.8505665496788427,Slide,1
NL-06/2012-13,Nagaland,Kohima,25.68002778,94.07266667,Other,Other,0.7792614792693462,Other,0
MIZ/AZL/2024/555,Mizoram,Aizawl,23.4675,92.74083333,Debris,Debris,0.9396852109276368,Slide,0
MIZ/AZL/2024/370,Mizoram,Aizawl,23.58388889,92.71166667,Debris,Debris,0.8206815050748824,Slide,0
NA/DIM/83G13/2020/8,Nagaland,Dimapur,25.77,93.94,Debris,Debris,0.8329856054617035,Slide,1
AR/TIR/83N05/2022/009,Arunachal Pradesh,Tirap,26.93529,95.37696,Debris,Debris,0.9225103245475289,Slide,1
MZ/CHA/84E01/2017/45,Mizoram,Champhai,23.780138,93.152916,Rock,Debris,0.5512999943212705,Slide,1
MZ/LAW/84B11/2020/33,Mizoram,Lawngtlai,22.28,92.63,Debris,Debris,0.8454670195072734,Slide,0
NA/DIM/83G13/2020/21,Nagaland,Dimapur,25.71,93.74,Debris,Debris,0.7672098898996783,Slide,1
AP/E-Siang/82P8/2022/LS36,Arunachal Pradesh,Lower Dibang Valley,28.269062,95.610767,Debris,Debris,0.9056111206041589,Slide,1
NL/PER/83G11/2022/042,Nagaland,Peren,25.568534,93.726285,Debris,Debris,0.4857280501140865,Slide,1
MG/WKH/78O1/2020/2,Meghalaya,West Khasi Hills,25.83,91.05,Debris,Earth,0.819311266242736,Slide,1
"Sikkim/North Sikkim/SV01
78A10/ 2022",Sikkim,North Sikkim,27.54975833,88.57530833,Debris,Debris,0.8880416037865534,Slide,1
NG/PHE/83K2/2015/188,Nagaland,Phek,25.536,94.236,Debris,Debris,0.8303568596424694,Slide,1
MIZ/AZL/2024/629,Mizoram,Aizawl,23.70333333,92.87638889,Debris,Debris,0.9662504034188502,Slide,0
MIZ/KOL/2022/12,Mizoram,Kolasib,24.33836111,92.73377778,Other,Rock,0.40029068031692333,Slide,1
MZ/CHA/84E03/2017/69,Mizoram,Champhai,23.382695,93.116001,Debris,Rock,0.56303853836394,Slide,1
MIZ/AIZ/84A13/2016/14,Mizoram,Aizawl,23.918389,92.923472,Debris,Debris,0.6914744525314733,Slide,1
NA/PER/83G10/2020/11,Nagaland,Peren,25.53,93.73,Debris,Debris,0.5638182800880489,Slide,0
MN/JRM/83H02/2020/10,Manipur,Jiribam,24.73,93.18,Debris,Debris,0.705889703102378,Slide,1
MIZ/AZL/2024/484,Mizoram,Aizawl,23.53611111,92.65527778,Debris,Debris,0.9657392678011956,Slide,0
AS/SON/83B09/2018/2,Assam,Sonitpur,26.93438,92.729,Debris,Debris,0.8835442302642248,Slide,0
MZ/SER/84A15/2024/161,Mizoram,Serchhip,23.38151,92.844938,Debris,Debris,0.9122500074352641,Slide,0
AS/HKN/83D11/2020/3,Assam,Hailakandi,24.44,92.56,Debris,Debris,0.8329504415606599,Slide,1
MIZ/LUNG/84A12/2025/032,Mizoram,Lunglei,23.214239,92.740856,Debris,Debris,0.529261392307016,Slide,0
MIZ/AZL/2024/304,Mizoram,Aizawl,23.615,92.7175,Debris,Debris,0.9521095803625257,Slide,0
MZ/SER/84A15/2016/57,Mizoram,Serchhip,23.47831,92.865466,Debris,Debris,0.596692813646478,Slide,1
NA/WOK/83J03/2020/3,Nagaland,Wokha,26.3,94.11,Rock,Rock,0.6790632909586087,Slide,0
ME/EJH/83C08/2025/06,Meghalaya,East Jaintia Hills,25.048054,92.409245,Debris,Debris,0.8495829950265605,Slide,1
MZ/AZL/84A10/2024/031,Mizoram,Aizawl,23.71697222,92.70817222,Debris,Debris,0.8677206714760604,Other,0
AS/KAR/83F03/2018/1,Assam,Karbi Anglong,26.323083,93.093167,Soil,Debris,0.8727569913157313,Slide,1
AR/ANJ/91D12/2014/40,Arunachal Pradesh,Anjaw,28.23153,96.54272,Debris,Rock,0.518589263857892,Slide,1
AS/KAM/83B4/2015/94,Assam,Kamrup,26.077806,92.170389,Debris,Debris,0.9076016504031688,Slide,0
MZ/LAW/84B10/2020/21,Mizoram,Lawngtlai,22.53,92.7,Debris,Debris,0.6410437839913975,Slide,0
AP/LDV/82P16/2022/52,Arunachal Pradesh,Lower Dibang Valley,28.229809,95.779855,Debris,Debris,0.8212957147088338,Slide,1
ASM/DH/83G04/2022-23/022,Assam,Dima Hasao,25.18919,93.02118,Debris,Debris,0.6273430701823219,Slide,0
MN/KAM/83L05/2018/12,Manipur,Kamjong,24.830202,94.357821,Debris,Debris,0.8950478047461492,Slide,1
MEG/SG/78K11/2022/05,Meghalaya,South Garo Hills,25.45939722,90.70860278,Debris,Debris,0.9249300498536175,Slide,0
SKM/ES/78A11/2015/123,Sikkim,East Sikkim,27.252667,88.694194,Debris,Debris,0.9565036720464101,Slide,1
AS/DIM/83G4/2015/46,Assam,Dima Hasao,25.205,93.059,Earth,Earth,0.8865914019697249,Slide,0
ASM/KAM/78N12/2019/04,Assam,Kamrup (Metro),26.15805556,91.71258333,Debris,Debris,0.4787977132825558,Slide,0
MZ/SER/84F01/2018/11,Mizoram,Serchhip,23.172249,93.058052,Debris,Debris,0.8909470330495971,Slide,1
"ASM/KAM
(M)/78N16/2017/0004",Assam,Kamrup (Metro),26.17755556,91.76588889,Debris,Debris,0.7313960114929233,Slide,1
LS_ASM_DH_0410/2024,Assam,Dima Hasao,25.245448,93.003937,Debris,Debris,0.8951026027140744,Slide,1
MEG/WKH/78O10/2016/16,Meghalaya,West Khasi Hills,25.687083,91.650858,Debris,Debris,0.9406009973421561,Slide,1
NG/KOH/83K2/2015/59,Nagaland,Kohima,25.72,94.085,Debris,Debris,0.8527688834387618,Slide,1
MN/UKH/83K12/2017/33,Manipur,Ukhrul,25.082306,94.551722,Debris,Debris,0.7493945507279318,Slide,0
MN/KAM/83L09/2017/15,Manipur,Kamjong,24.884889,94.613222,Debris,Debris,0.7723900737543596,Slide,1
NL/KOH/83G13/2022/005,Nagaland,Kohima,25.770055,93.937873,Debris,Debris,0.810708856111707,Slide,1
MG/WKH/78O02/2017/29,Meghalaya,West Khasi Hills,25.582836,91.183972,Debris,Debris,0.8990269283359598,Slide,1
MIZ/AZL/2022/9,Mizoram,Aizawl,23.4745,93.28916667,Other,Debris,0.4754354737721816,Slide,0
AP/KRA/83E10/2021/31,Arunachal Pradesh,Kra Daadi,27.668278,93.629472,Debris,Debris,0.9567443238865017,Slide,1
MG/WKH/78O02/2017/72,Meghalaya,West Khasi Hills,25.626767,91.165211,Debris,Debris,0.9210932481487054,Slide,1
NG/MON/83N2/2017/52,Nagaland,Mon,26.5715,95.097639,Debris,Debris,0.9045297525705408,Slide,1
NL/MON/83J15/2014/12,Nagaland,Mon,26.41931,94.97369,Debris,Debris,0.8816718392192765,Slide,1
MZ/MAM/84A10/2015/150,Mizoram,Mamit,23.588472,92.599,Rock,Rock,0.8954681253799098,Slide,1
MZ/AIZ/83D16/2016/28,Mizoram,Aizawl,24.225691,92.805445,Debris,Debris,0.7506671504818606,Slide,0
ME/EKJ/78O14/2015/20,Meghalaya,East Khasi Hills,25.643591,91.890859,Debris,Debris,0.8323252954735543,Slide,1
SK/ESK/78A11/2019/03,Sikkim,East Sikkim,27.251639,88.531361,Rock,Debris,0.846899621003428,Slide,1
ASM/DH/83G4/2016/06,Assam,Dima Hasao,25.156694,93.017667,Debris,Debris,0.7066311706019245,Slide,0
ME/WJH/83C03/2015/179,Meghalaya,West Jaintia Hills,25.266222,92.202528,Debris,Rock,0.7613786070846446,Slide,0
MAN/SEN/83K03/2015/20,Manipur,Senapati,25.421111,94.077,Debris,Debris,0.9666030969632884,Slide,0
MG/WKH/78O02/2017/79,Meghalaya,West Khasi Hills,25.657083,91.147397,Soil,Debris,0.7423364590736061,Slide,1
NAG/TUN/83J16/2016/0025,Nagaland,Tuensang,26.160167,94.873417,Rock,Rock,0.9286355163184553,Fall,1
MZ/LUN/84B13/2018/66,Mizoram,Lunglei,22.867741,92.898506,Rock,Rock,0.8681587635045881,Fall,0
MN/UKH/83K12/2017/16,Manipur,Ukhrul,25.054917,94.551306,Debris,Soil,0.6907061577411572,Slide,0
AP/EK/83E03/2021/49,Arunachal Pradesh,East Kameng,27.347917,93.012194,Earth,Debris,0.794601515292909,Slide,1
ARN/TWG/FM/2016-17/02,Arunachal Pradesh,Tawang,27.58741667,91.88694444,Earth,Debris,0.7893943696148268,Slide,0
MG/WKH/78O02/2017/108,Meghalaya,West Khasi Hills,25.671583,91.040889,Soil,Debris,0.8824116951687608,Slide,1
SKM/SS/78A08/2015/218,Sikkim,South Sikkim,27.134389,88.40425,Debris,Debris,0.8726394409924618,Slide,1
6813,Arunachal Pradesh,East Kameng,27.301468,93.053244,Debris,Debris,0.7538011683804419,Slide,0
MIZ/AZL/2024/278,Mizoram,Aizawl,23.66416667,92.72055556,Debris,Debris,0.9632367902917126,Other,0
MZ/LAW/84B16/2020/16,Mizoram,Saiha,22.1,92.86,Debris,Debris,0.990202237042266,Slide,1
NG/KOH/83K2/2015/201,Nagaland,Kohima,25.716,94.085,Debris,Debris,0.9269714482997778,Slide,1
MIZ/KOL/2024/801,Mizoram,Kolasib,23.03821667,93.12529444,Rock,Debris,0.813102960937601,Slide,0
MZ/AIZ/83D16/2016/85,Mizoram,Aizawl,24.069857,92.918457,Rock,Earth,0.5535340121160359,Slide,0
MG/EKH/78O12/2017/11,Meghalaya,East Khasi Hills,25.220023,91.631989,Rock,Rock,0.7332096235291812,Slide,0
MN/KAM/83L05/2018/78,Manipur,Kamjong,24.948667,94.4835,Debris,Debris,0.8404228688537349,Slide,1
AS/DIM/83G07/2017/34,Assam,Dima Hasao,25.423861,93.369417,Debris,Debris,0.8466109418736355,Slide,1
MN/CDL/83H16/2020/6,Manipur,Chandel,24.19,93.97,Rock,Rock,0.7967625789533527,Slide,0
NA/PER/83G10/2020/26,Nagaland,Peren,25.51,93.68,Rock,Earth,0.4440616589088435,Slide,1
SKM/SS/78A08/2015/205,Sikkim,South Sikkim,27.215056,88.393306,Debris,Debris,0.9550768907142634,Slide,1
MZ/LUN/84B13/2018/47,Mizoram,Lunglei,22.844219,92.955048,Debris,Debris,0.6637935336669346,Slide,0
NG/KOH/83K2/2015/48,Nagaland,Kohima,25.679,94.096,Debris,Debris,0.9384166668591944,Slide,1
MIZ/AZL/2024/346,Mizoram,Aizawl,23.61861111,92.79,Debris,Debris,0.7343845518973079,Slide,0
NAG/ZUN/83J12/2016/0056,Nagaland,Zunheboto,26.032992,94.633639,Rock,Rock,0.8028834116859437,Slide,1
AS/CHR/83D09/2020/9,Assam,Cachar,24.99,92.6,Debris,Debris,0.949116844729948,Slide,0
MIZ/CHAM/84E04/2025/229,Mizoram,Champhai,23.177311,93.198157,Debris,Debris,0.9450832063165063,Flow,1
SKM/NS/78A04/2017/141,Sikkim,West Sikkim,27.163861,88.141361,Debris,Debris,0.9108587443733831,Slide,1
MIZ/AIZ/84A13/2016/22,Mizoram,Aizawl,23.882583,92.877639,Debris,Debris,0.6987330309951297,Slide,1
AP/AW/91D8/2022/86,Arunachal Pradesh,Anjaw,28.102005,96.448473,Debris,Rock,0.7156563258156751,Slide,1
5721,Tripura,North Tripura,24.4349,92.249371,Soil,Soil,0.8091428322189196,Slide,1
MG/WKH/78O07/2017/3,Meghalaya,South West Khasi Hills,25.299369,91.325575,Debris,Debris,0.6994240477555583,Slide,1
AR/US/82P04/2022/050,Arunachal Pradesh,Upper Siang,28.617333,95.049556,Debris,Debris,0.6497303903984796,Slide,1
NAG/WOKH/83J08/2015/0028,Nagaland,Wokha,26.1125,94.347556,Debris,Rock,0.7345884333608357,Slide,1
NAG/KIP/83K13/2016/010,Nagaland,Kiphire,25.948886,94.706133,Debris,Debris,0.9785136124202817,Slide,0
MN/UKH/83K12/2017/72,Manipur,Ukhrul,25.180611,94.525278,Soil,Debris,0.737887854699294,Slide,0
MAN/TAM/83G12/2017/0035,Manipur,Tamenglong,25.165222,93.69575,Debris,Debris,0.947790917852655,Slide,1
SKM/NS/78A04/2017/129,Sikkim,West Sikkim,27.121611,88.145528,Debris,Debris,0.8204018912882356,Slide,1
MEG/EKH/78O8/2019/11,Meghalaya,East Khasi Hills,25.18688889,91.39855556,Debris,Rock,0.6442654860187113,Slide,1
AP/DV/82P/13/2022/LS-142,Arunachal Pradesh,Dibang Valley,28.937833,95.820661,Debris,Debris,0.8990192548170385,Slide,1
NAG/WOK/83J/4/2016/0045,Nagaland,Wokha,26.215889,94.212083,Debris,Debris,0.5893585596996476,Slide,1
MEG/WJH/83C4/2016/92,Meghalaya,East Jaintia Hills,25.062025,92.386975,Debris,Debris,0.8383996529112259,Slide,1
MZ/LUN/84A16/2018/82,Mizoram,Lunglei,23.001865,92.923225,Debris,Rock,0.5685486702177385,Slide,1
AS/KAR/83F15/2018/3,Assam,Karbi Anglong,26.34938,93.78091,Debris,Soil,0.5241238958832648,Slide,1
MEGH/WKH/78O06/2007/D-6,Meghalaya,West Khasi Hills,25.5208,91.25985,Debris,Debris,0.8826153644859807,Slide,1
NAG/ZUN/83K09/2016/094,Nagaland,Kiphire,25.827011,94.733178,Debris,Debris,0.9636463271906445,Slide,0
NAG/ZUN/83K09/2016/109,Nagaland,Kiphire,25.963,94.614097,Debris,Debris,0.9771169331726366,Slide,0
"MAN/TAM/83H09/2009-10/MN-
6",Manipur,Tamenglong,24.82375,93.523861,Debris,Other,0.652562820525835,Other,1
MZ/AZL/84A10/2024/124,Mizoram,Aizawl,23.58555556,92.71583333,Debris,Debris,0.8987888032872285,Other,0
MEG/WJH/83C4/2016/119,Meghalaya,East Jaintia Hills,25.164133,92.417747,Debris,Debris,0.7603057091867732,Slide,1
MZ/MAM/84A05/2020/9,Mizoram,Mamit,23.78,92.36,Rock,Debris,0.5360076368884401,Slide,1
MIZ/KOL/2024/788,Mizoram,Kolasib,23.56363611,93.12608056,Earth,Debris,0.6440452418503085,Slide,0
MZ/CHA/84E07/2017/69,Mizoram,Champhai,23.270139,93.293333,Rock,Rock,0.4315068151095737,Slide,0
MZ/LAW/84B10/2020/7,Mizoram,Lawngtlai,22.61,92.67,Debris,Debris,0.8987562697647644,Slide,1
MZ/KLS/83D11/2020/11,Mizoram,Kolasib,24.26,92.65,Debris,Rock,0.6647705791021092,Slide,1
MZ/LUN/84A16/2018/72,Mizoram,Lunglei,23.040543,92.909523,Rock,Rock,0.9137711045381525,Fall,1
AR/ANJ/91D08/2014/16,Arunachal Pradesh,Anjaw,28.01781,96.44275,Debris,Rock,0.6150928094888499,Slide,1
MN/UKH/83K10/2017/10,Manipur,Ukhrul,25.587167,94.514361,Debris,Debris,0.6926916614384805,Slide,0
SKM/NS/78A03/2017/62,Sikkim,West Sikkim,27.315778,88.178944,Debris,Debris,0.9598269747896682,Slide,1
NG/LON/83J15/2017/25,Nagaland,Longleng,26.490833,94.82,Debris,Debris,0.910166916162329,Slide,0
AR/EAK/84E03/2025/24,Arunachal Pradesh,East Kameng,27.296928,93.088111,Debris,Debris,0.9799627911991595,Slide,1
AS/DIM/83G4/2015/45,Assam,Dima Hasao,25.169,93.156,Earth,Earth,0.8796028913617183,Slide,0
MN/NON/83H06/2018/1,Manipur,Noney,24.732139,93.479194,Soil,Debris,0.816413064666224,Slide,0
AR/ANJ/91D11/2014/32,Arunachal Pradesh,Anjaw,28.25897,96.54433,Rock,Rock,0.6094854702865625,Other,1
MZ/LAW/84B11/2020/24,Mizoram,Lawngtlai,22.35,92.74,Debris,Debris,0.9454568308581937,Slide,1
MN/PZL/83H04/2020/13,Manipur,Pherzawl,24.23,93.19,Debris,Debris,0.8073352121825328,Slide,1
AS/HKN/83D11/2020/4,Assam,Hailakandi,24.43,92.55,Debris,Debris,0.8811329500431843,Slide,1
MIZ/AIZ/84A09/2016/60,Mizoram,Kolasib,23.9865,92.709806,Debris,Debris,0.5058750680583721,Slide,1
NG/KOH/83K2/2015/172,Nagaland,Kohima,25.638,94.109,Debris,Debris,0.9503268662827523,Other,1
NL/PER/83G10/2022/051,Nagaland,Peren,25.514327,93.666041,Rock,Rock,0.8793707767925409,Fall,1
MN/SEN/83K02/2014/02,Manipur,Senapati,25.51378,94.14089,Debris,Debris,0.8780270970147209,Slide,1
ASM/WKA/83C09/2016/26,Assam,West Karbi Anglong,25.75933,92.52258,Rock,Debris,0.6131790249382609,Slide,1
MIZ/LUN/84A12/2025/111,Mizoram,Lunglei,23.149588,92.749562,Debris,Debris,0.8800652504024664,Slide,1
ME/EKH/78O15/2025/01,Meghalaya,East Khasi Hills,25.465167,91.824944,Debris,Debris,0.8759222026988314,Slide,1
SKM-03/2012-13,Sikkim,East Sikkim,27.26544444,88.72252778,Debris,Debris,0.9281471579654172,Slide,1
SKM/NOR/78A11/2014/006,Sikkim,North Sikkim,27.48603,88.53269,Debris,Rock,0.5837063977677333,Slide,1
MEG/WJH/83C4/2016/23,Meghalaya,West Jaintia Hills,25.233583,92.209583,Debris,Debris,0.8049173929031228,Slide,1
MN/CDL/83L04/2020/43,Manipur,Chandel,24.13,94.07,Rock,Rock,0.9743669578378319,Slide,0
MN/PZL/83H03/2020/17,Manipur,Pherzawl,24.26,93.1,Debris,Debris,0.8822429823931477,Slide,1
MZ/LAW/84B11/2020/19,Mizoram,Lawngtlai,22.33,92.69,Debris,Debris,0.9599416422163413,Slide,1
MZ/CHA/84E07/2017/20,Mizoram,Champhai,23.45835,93.263247,Rock,Rock,0.6984014797413982,Slide,0
MEG/WJH/83C4/2016/106,Meghalaya,East Jaintia Hills,25.114997,92.358378,Debris,Debris,0.8593106562028556,Slide,1
NAG/KIP/83K13/2016/063,Nagaland,Kiphire,25.793333,94.958014,Debris,Debris,0.9814451799815272,Slide,0
MN/NON/83H10/2018/64,Manipur,Noney,24.662664,93.62825,Debris,Debris,0.9468851588684944,Slide,1
NL/MON/83G13/2014/13,Nagaland,Dimapur,25.78214,93.80528,Debris,Earth,0.5243288280688528,Slide,1
MZ/KOL/83D12/2016/19,Mizoram,Kolasib,24.170329,92.641325,Earth,Earth,0.4708150872433391,Slide,0
NAG/KOH/83K1/2016/108,Nagaland,Kohima,25.867778,94.168056,Debris,Debris,0.9268272699587768,Slide,0
ASM/KMP/78N16/2016/64,Assam,Kamrup (Metro),26.190389,91.809944,Earth,Earth,0.6994487163978839,Slide,0
NAG/ZUN/83K09/2016/138,Nagaland,Kiphire,25.97175,94.504619,Debris,Debris,0.9740471072825384,Slide,0
NA/PER/83G10/2020/6,Nagaland,Peren,25.52,93.73,Rock,Earth,0.4362239997264022,Slide,0
MG/EKH/78O11/2017/11,Meghalaya,East Khasi Hills,25.26851,91.580418,Rock,Rock,0.8117987618529373,Slide,0
MZ/AIZ/83D16/2016/84,Mizoram,Aizawl,24.069728,92.918457,Earth,Earth,0.5757025321253088,Slide,0
7005,Arunachal Pradesh,Papum Pare,27.2594,93.796312,Debris,Debris,0.9725977670111818,Slide,0
NG/MON/83N01/2017/13,Nagaland,Mon,26.760194,95.107778,Debris,Debris,0.6220061494373982,Slide,1
AP/LDV/82P15/2022/16,Arunachal Pradesh,Lower Dibang Valley,28.266807,95.789109,Debris,Debris,0.7725239461068019,Slide,1
MN/NON/83H10/2018/47,Manipur,Noney,24.718567,93.500017,Debris,Debris,0.9210864901536866,Slide,1
MZ/AIZ/84A10/2015/219,Mizoram,Aizawl,23.714694,92.728694,Debris,Rock,0.6716971873312708,Slide,0
NG/TUE/83N4/2017/8,Nagaland,Tuensang,26.223,95.033417,Rock,Debris,0.45008695540653015,Slide,0
MZ/LUN/84A16/2018/18,Mizoram,Lunglei,23.23035,92.79808,Debris,Debris,0.6718727140454118,Slide,1
MZ/CHA/84E07/2017/9,Mizoram,Champhai,23.431639,93.33925,Rock,Rock,0.6860327565331243,Slide,1
MEGH/EKH/83C02/2009/D-33,Meghalaya,East Khasi Hills,25.54264,92.10214,Rock,Debris,0.7869543073148719,Slide,1
MN/UKH/83K11/2017/94,Manipur,Ukhrul,25.420722,94.577722,Soil,Soil,0.5473450777220855,Subsidence,0
MIZ/LUNG/84A12/2025/177,Mizoram,Lunglei,23.173258,92.611929,Debris,Debris,0.9550171373143166,Flow,0
MZ/LUN/84B09/2018/11,Mizoram,Lunglei,22.880322,92.747818,Rock,Debris,0.6867428291211879,Slide,1
NG/MON/83N2/2017/64,Nagaland,Mon,26.644083,95.075167,Debris,Debris,0.6653495735895641,Slide,1
MIZ/AZL/2024/379,Mizoram,Aizawl,23.57222222,92.71166667,Debris,Debris,0.9768203428944847,Other,0
MG/WKH/78O02/2017/49,Meghalaya,West Khasi Hills,25.545722,91.520556,Debris,Debris,0.9163888258268149,Slide,1
ML-10/2010,Meghalaya,Jaintia Hills,25.05108333,92.40219444,Other,Other,0.9893179668825272,Other,0
SKM/WS/78A08/2015/267,Sikkim,West Sikkim,27.153306,88.3135,Debris,Debris,0.8868874326649365,Slide,1
AP/LDV/82P11/2022/LS81,Arunachal Pradesh,Dibang Valley,28.62267,95.856377,Debris,Debris,0.9224439747482598,Slide,1
MIZ/AZL/2024/222,Mizoram,Aizawl,23.62055556,92.85083333,Debris,Debris,0.869751113630985,Slide,0
MZ/AZL/84A14/2024/136,Mizoram,Aizawl,23.73555556,92.78833333,Rock,Debris,0.7701440916734924,Slide,0
ME/EKJ/78O15/2015/85,Meghalaya,East Khasi Hills,25.38707,91.988294,Debris,Debris,0.6481791761128145,Slide,0
AR/US/82P04/2022/024,Arunachal Pradesh,Upper Siang,28.301694,95.195361,Debris,Debris,0.6714542971212564,Slide,1
MIZ/AZL/2023/103,Mizoram,Aizawl,24.15402778,92.94444444,Debris,Debris,0.7360966809540583,Slide,0
MZ/SAI/84F04/2020/5,Mizoram,Saiha,22.18,93.01,Debris,Debris,0.9373663331981416,Slide,0
MAN/SEN/83K03/2015/23,Manipur,Senapati,25.433231,94.070986,Debris,Debris,0.9544617800033153,Slide,0
MZ/AIZ/84A14/2015/60,Mizoram,Aizawl,23.566631,92.876781,Debris,Debris,0.5895235724596992,Slide,0
MN/CCP/83H08/2020/20,Manipur,Churachandpur,24.37,93.26,Debris,Debris,0.946910304204684,Slide,1
AP/KD/83E09/2021/41,Arunachal Pradesh,Kra Daadi,27.763444,93.608278,Debris,Debris,0.9271982087667768,Slide,0
SKM/NS/78A10/2017/172,Sikkim,North Sikkim,27.529639,88.598139,Debris,Debris,0.9068877268570696,Slide,1
NG/NOK/83N04/2017/33,Nagaland,Noklak,26.173917,95.025556,Debris,Soil,0.3436131933471671,Slide,0
NG/KOH/83K2/2015/90,Nagaland,Kohima,25.652,94.122,Debris,Debris,0.945732890548749,Slide,1
SKM/NS/78A04/2017/114,Sikkim,West Sikkim,27.141944,88.180222,Debris,Debris,0.8742991542398192,Slide,1
AS/DIM/83C16/2018/26,Assam,Dima Hasao,25.238045,92.801279,Soil,Debris,0.5988731068285911,Slide,1
MZ/SER/84A15/2016/128,Mizoram,Serchhip,23.476232,92.913652,Rock,Debris,0.7039579125527953,Slide,1
NL/KOH/83K02/2014/17,Nagaland,Kohima,25.73572,94.08703,Debris,Debris,0.9392802535389713,Other,1
AP/WSG/83I09/2021/103,Arunachal Pradesh,West Siang,27.786833,94.720111,Rock,Rock,0.6791213793816413,Slide,1
MIZO/LUN/84B13/2005/E-23,Mizoram,Lunglei,22.83653,92.80092,Rock,Rock,0.9679378483282353,Fall,0
AS/DIM/83C16/2017/38,Assam,Dima Hasao,25.041083,92.783111,Debris,Debris,0.9307417881103011,Slide,1
MZ/SER/84A15/2016/23,Mizoram,Serchhip,23.277412,92.870285,Rock,Debris,0.5323518408887449,Slide,1
NAG/KOH/83K1/2016/002,Nagaland,Kohima,25.773306,94.084861,Debris,Debris,0.922821988953504,Slide,0
AP/US/83E09/2021/10,Arunachal Pradesh,Upper Subansiri,27.827806,93.972167,Debris,Debris,0.9568765804514766,Slide,0
MIZ/AIZ/84A09/2016/61,Mizoram,Aizawl,23.754475,92.722754,Debris,Rock,0.5683190973740329,Slide,1
NAG/ZUN/83K09/2016/089,Nagaland,Kiphire,25.898825,94.629367,Debris,Debris,0.9811147646553242,Slide,0
MEGH/SGH/78K12/2007/D-21,Meghalaya,South Garo Hills,25.23908,90.63944,Debris,Debris,0.9034513276028343,Slide,0
AR/WKG/83A03/2021/022,Arunachal Pradesh,West Kameng,27.396722,92.163861,Rock,Debris,0.6144497606555767,Slide,1
AR/CHNG/92A03/2022/082,Arunachal Pradesh,Changlang,27.298972,96.046398,Rock,Debris,0.962086143621196,Slide,1
NAG/WOKH/83J08/2015/0057,Nagaland,Wokha,26.090056,94.256167,Rock,Debris,0.5850775752010358,Slide,0
MZ/LAW/84B12/2020/18,Mizoram,Lawngtlai,22.18,92.61,Rock,Rock,0.6381158141130793,Slide,0
MEG/WJH/83C4/2016/81,Meghalaya,East Jaintia Hills,25.045386,92.420764,Debris,Debris,0.5593533783160759,Slide,1
MIZ/AZL/2024/395,Mizoram,Aizawl,23.55055556,92.74833333,Debris,Debris,0.8700067355188887,Slide,0
MAN/UKH/83K08/2015/047,Manipur,Ukhrul,25.172194,94.3485,Debris,Debris,0.9448603319374831,Slide,1
ME/EKJ/78O14/2015/48,Meghalaya,East Khasi Hills,25.627946,91.876487,Debris,Debris,0.6853630629445486,Slide,1
MG/WKH/78O06/2017/6,Meghalaya,West Khasi Hills,25.544917,91.270722,Debris,Debris,0.8883642222923714,Slide,1
AR/ANJ/91D12/2014/53,Arunachal Pradesh,Anjaw,28.06356,96.50075,Debris,Debris,0.6919355058240375,Slide,1
NG/PHE/83K6/2015/252,Nagaland,Phek,25.552,94.362,Rock,Debris,0.6263084778030851,Slide,1
MIZ/AZL/2024/450,Mizoram,Aizawl,23.54805556,92.70138889,Debris,Debris,0.9738062281492187,Slide,0
MIZ/SIA/84B15/2025/057,Mizoram,Siaha,22.404215,92.951647,Debris,Debris,0.9068498375981985,Slide,0
MZ/LAW/84B10/2020/23,Mizoram,Lawngtlai,22.5,92.74,Rock,Debris,0.60696125219341,Slide,1
MZ/LUN/84B10/2020/50,Mizoram,Lunglei,22.65,92.65,Debris,Debris,0.6442172495538708,Slide,0
ASM/NAG/83B08/2017/05,Assam,Nagaon,26.110139,92.439333,Debris,Debris,0.83542466682214,Slide,1
SKM/NS/78A10/2017/183,Sikkim,North Sikkim,27.549306,88.644889,Debris,Debris,0.8947419000510418,Slide,1
MIZ/AZL/2023/91,Mizoram,Aizawl,24.22472222,92.9775,Debris,Debris,0.8701972237732377,Slide,0
MZ/LAW/84B14/2018/43,Mizoram,Lawngtlai,22.517,92.879997,Debris,Debris,0.94178591568555,Slide,1
4526,Arunachal Pradesh,Lower Dibang Valley,28.194898,95.807336,Debris,Debris,0.9242453732276681,Slide,1
MN/NON/83H10/2018/53,Manipur,Noney,24.63875,93.611278,Debris,Debris,0.9640122758367852,Slide,1
MN/KAM/83L06/2018/12,Manipur,Kamjong,24.686833,94.2605,Debris,Debris,0.9346409918083874,Slide,0
NG/MON/83J15/2017/9,Nagaland,Mon,26.3275,94.917222,Debris,Debris,0.7552862984488102,Slide,1
AP/PAP/83E12/2021/64,Arunachal Pradesh,Papum Pare,27.218611,93.695278,Debris,Debris,0.9242444432603977,Slide,1
SKM/ES/78A12/2015/111,Sikkim,East Sikkim,27.199722,88.641633,Rock,Rock,0.5026665400197623,Other,1
4540,Arunachal Pradesh,West Kameng,27.08386,92.587656,Rock,Debris,0.9464783668602087,Slide,0
SKM/NS/78A03/2017/50,Sikkim,West Sikkim,27.339806,88.227361,Rock,Debris,0.5714437421359023,Slide,1
MN/CCP/83H12/2020/19,Manipur,Churachandpur,24.02,93.56,Debris,Debris,0.6859808025741782,Slide,1
ME/RIB/78N16/2015/110,Meghalaya,Ri-Bhoi,26.033583,91.867083,Earth,Earth,0.6725406391009057,Slide,1
NG/MOK/83J10/2017/11,Nagaland,Mokokchung,26.684139,94.639083,Debris,Debris,0.5786073689362466,Slide,0
NG/PER/83G14/2015/15,Nagaland,Peren,25.569,93.872,Debris,Debris,0.7314533584533508,Slide,0
NG/NOK/83N04/2017/30,Nagaland,Noklak,26.172472,95.048583,Debris,Debris,0.8003905751131617,Slide,0
TR/DHA/84A02/2015/5,Tripura,Dhalai,23.678056,92.038028,Debris,Debris,0.9484235892199117,Slide,0
MIZ/AIZ/84A09/2016/131,Mizoram,Aizawl,23.787414,92.725278,Debris,Debris,0.7704274771139544,Slide,0
AS/KAM/83B4/2015/95,Assam,Kamrup,26.094578,92.135144,Earth,Debris,0.907873912477441,Slide,0
ASM/WKA/83B08/2017/43,Assam,West Karbi Anglong,25.96667,92.356917,Earth,Debris,0.8855236684141038,Slide,1
NAG/WOK/83K1/2016/137,Nagaland,Wokha,25.885208,94.244494,Debris,Debris,0.7870388976695066,Slide,1
NG/MON/83J14/2017/22,Nagaland,Mon,26.541389,94.946389,Debris,Debris,0.5773083749736612,Slide,1
AS/NAG/83F02/2018/5,Assam,Nagaon,26.57455,93.11244,Debris,Debris,0.9691595796286692,Slide,1
NG/PHE/83K6/2015/327,Nagaland,Phek,25.607,94.321,Debris,Debris,0.8486501603451722,Slide,1
MZ/LUN/84A16/2018/10,Mizoram,Lunglei,23.132685,92.798332,Debris,Debris,0.6533884810673307,Slide,1
MIZ/AZL/2024/371,Mizoram,Aizawl,23.58277778,92.71333333,Debris,Debris,0.9393894356543262,Slide,0
MZ/SAI/84F03/2020/7,Mizoram,Saiha,22.28,93.08,Debris,Debris,0.9444967576912178,Slide,0
ME/SWKH/78O07/2024/4,Meghalaya,South West Khasi Hills,25.29967,91.46108,Debris,Debris,0.9097973205870672,Slide,0
MIZ/AZL/2024/511,Mizoram,Aizawl,23.41,92.74944444,Debris,Debris,0.9524052976827999,Slide,0
MZ/LUN/84A12/2018/2,Mizoram,Lunglei,23.118336,92.741035,Debris,Debris,0.5359371275768458,Slide,0
MN/UKH/83K12/2017/19,Manipur,Ukhrul,25.059556,94.550611,Soil,Soil,0.6138478643756093,Slide,0
MZ/KLS/83D11/2020/13,Mizoram,Kolasib,24.27,92.65,Rock,Debris,0.7599525944058436,Slide,1
MIZ/AZL/2023/108,Mizoram,Aizawl,24.22166667,93.00305556,Debris,Rock,0.7426691777135059,Fall,0
MZ/SER/84A16/2018/37,Mizoram,Serchhip,23.223555,92.92672,Debris,Debris,0.7802951346838042,Slide,0
MN/UKH/83K11/2017/68,Manipur,Ukhrul,25.407667,94.587222,Debris,Soil,0.6831771977411799,Slide,0
MN/KAM/83L09/2017/5,Manipur,Kamjong,24.820833,94.504167,Debris,Debris,0.8701182951558146,Slide,0
MAN/TAM/83G12/2017/0086,Manipur,Tamenglong,25.110667,93.62275,Rock,Rock,0.9754457392136094,Fall,1
NG/MON/83N2/2017/31,Nagaland,Mon,26.678833,95.19475,Rock,Soil,0.48839455886501054,Slide,0
MN/CCP/83H07/2020/2,Manipur,Churachandpur,24.34,93.31,Debris,Debris,0.9632764615775353,Slide,1
AS/DIM/83C16/2017/10,Assam,Dima Hasao,25.010379,92.75482,Debris,Debris,0.9337357200756944,Slide,1
NAG/PHK/83K5/2016/030,Nagaland,Phek,25.786861,94.446,Debris,Debris,0.8824007781222172,Slide,0
AR/US/82P04/2022/104,Arunachal Pradesh,Upper Siang,28.178861,95.228056,Debris,Debris,0.5532623104435137,Slide,0
NAG/ZUNH/83J08/2015/ 0068,Nagaland,Zunheboto,26.112639,94.405194,Rock,Rock,0.8350930368361162,Slide,1
AR/ES/82P04/2022/001,Arunachal Pradesh,East Siang,28.1425,95.239194,Debris,Debris,0.6924894169535143,Slide,1
MAN/TAM/83G12/2017/0043,Manipur,Tamenglong,25.160333,93.688528,Debris,Debris,0.897425852658573,Slide,1
MIZ/AZL/2024/383,Mizoram,Aizawl,23.57055556,92.70888889,Debris,Debris,0.9830026449815913,Other,0
5771,Nagaland,Zunheboto,26.036262,94.591057,Debris,Soil,0.7696712032780694,Fall,0
MIZ/LUNG/84A11/2025/168,Mizoram,Lunglei,23.32044,92.643229,Debris,Debris,0.8341426407435362,Slide,0
TR/NTR/84D08/2015/40,Tripura,North Tripura,24.142722,92.273583,Debris,Debris,0.775571056704678,Slide,1
MIZ/MAM/84A09/2016/130,Mizoram,Mamit,23.796268,92.54654,Debris,Debris,0.7581489418160915,Slide,0
SKM/NS/78A03/2017/24,Sikkim,West Sikkim,27.284528,88.195583,Debris,Debris,0.9561873170221091,Slide,1
MZ/AIZ/83D16/2016/60,Mizoram,Aizawl,24.07814,92.790905,Rock,Rock,0.7116631591217709,Slide,0
MG/WJH/83C06/2018/6,Meghalaya,West Jaintia Hills,25.561281,92.330142,Debris,Rock,0.6267026152698143,Slide,1
MZ/CHA/84E07/2017/26,Mizoram,Champhai,23.46243,93.262259,Soil,Debris,0.5171522483581498,Slide,0
ME/EKJ/78O14/2015/39,Meghalaya,East Khasi Hills,25.614807,91.871158,Earth,Earth,0.762844319621154,Slide,1
SKM/SS/78A08/2015/219,Sikkim,South Sikkim,27.137694,88.401556,Debris,Debris,0.7967802396056233,Slide,1
ME/EKJ/78O14/2015/13,Meghalaya,East Khasi Hills,25.572312,91.828292,Debris,Debris,0.890661300132388,Slide,0
AP/WSG/83I09/2021/116,Arunachal Pradesh,West Siang,27.683889,94.682444,Rock,Rock,0.6509238936761829,Slide,1
MEG/RIB/78O09/2016/35,Meghalaya,Ri-Bhoi,25.971897,91.562372,Earth,Earth,0.8868528340461187,Slide,1
MN/PZL/83H02/2020/34,Manipur,Pherzawl,24.52,93.1,Debris,Debris,0.9112534179501002,Slide,1
NAG/WOK/83K1/2016/151,Nagaland,Wokha,25.984456,94.031639,Debris,Debris,0.8832553094417325,Slide,1
MZ/CHA/84E03/2017/16,Mizoram,Champhai,23.429181,93.171166,Debris,Rock,0.5789745686485849,Slide,1
NAG/WOK/83J/4/2016/0104,Nagaland,Wokha,26.013722,94.009083,Rock,Debris,0.4922648988881291,Slide,0
AP/EK/83E03/2021/50,Arunachal Pradesh,East Kameng,27.347917,93.012194,Earth,Debris,0.794601515292909,Slide,1
ASM/DIM/83C10/2016/32,Assam,Dima Hasao,25.569,92.71653,Debris,Debris,0.8098218939285117,Slide,1
NG/MON/83N2/2017/26,Nagaland,Mon,26.730222,95.02025,Debris,Debris,0.5735333318044177,Slide,0
MIZ/AZL/2024/220,Mizoram,Aizawl,23.60861111,92.85055556,Debris,Debris,0.7018673800087271,Slide,0
MIZ/AZL/2024/709,Mizoram,Aizawl,24.10864167,93.54198333,Debris,Debris,0.808677332742963,Slide,0
MAN/TAM/83G12/2017/0084,Manipur,Tamenglong,25.106472,93.623472,Rock,Rock,0.981576268621031,Fall,1
MG/EKH/78O12/2017/66,Meghalaya,East Khasi Hills,25.208593,91.742294,Debris,Debris,0.7382703888834894,Slide,1
MN/TEN/83L03/2018/83,Manipur,Tengnoupal,24.489728,94.191686,Debris,Debris,0.6375031580089957,Slide,1
MN/CDL/83H16/2020/39,Manipur,Chandel,24.01,93.97,Rock,Rock,0.9632281739599299,Slide,0
MZ/LUN/84A16/2018/66,Mizoram,Lunglei,23.088615,92.849403,Soil,Debris,0.5200372414705898,Slide,0
AR/TAW/78M14/2014/22,Arunachal Pradesh,Tawang,27.58006,91.97728,Debris,Debris,0.8209911360790604,Slide,1
MN/TAM/83H05/2018/87,Manipur,Tamenglong,24.766556,93.319833,Debris,Debris,0.9113205052295125,Slide,0
MAN/SEN/83G14/2015/16,Manipur,Senapati,25.528,93.871,Rock,Debris,0.5952462056998942,Slide,1
6791,Nagaland,Zunheboto,25.840229,94.435067,Rock,Rock,0.7736795183604113,Slide,0
AP/KK/83E09/2021/36,Arunachal Pradesh,Kurung Kumey,27.782139,93.546139,Debris,Debris,0.9220285260265754,Slide,0
NG/MON/83J15/2017/10,Nagaland,Mon,26.337778,94.929167,Debris,Debris,0.761349978716359,Slide,1
AR/CHNG/83M12/2022/051,Arunachal Pradesh,Changlang,27.047848,95.729657,Debris,Debris,0.9210914262887265,Slide,1
MZ/LAW/84B15/2018/26,Mizoram,Lawngtlai,22.440001,92.879997,Debris,Debris,0.9778473506809702,Slide,1
MG/EGH/78K14/2018/7,Meghalaya,East Garo Hills,25.558058,90.809919,Soil,Soil,0.7300410748417556,Slide,1
MAN/TAM/83G12/2017/0138,Manipur,Tamenglong,25.157092,93.682686,Debris,Debris,0.8209374201386938,Slide,1
NG/PHE/83K6/2015/310,Nagaland,Phek,25.6702,94.456,Debris,Debris,0.9008464692513588,Slide,1
NL/MOK/83J07/2025/05,Nagaland,Mokokchung,26.383648,94.440751,Debris,Rock,0.46322218017324546,Slide,1
MN/NON/83H10/2018/24,Manipur,Noney,24.860639,93.62675,Debris,Debris,0.8592340298161637,Slide,0
MIZ/AZL/2023/136,Mizoram,Aizawl,23.41277778,92.73077778,Debris,Debris,0.839163658930904,Slide,0
MZ/CHA/84E02/2017/0082,Mizoram,Champhai,23.657186,93.087169,Debris,Rock,0.5195660466824514,Slide,1
AP/EK/83E03/2021/12,Arunachal Pradesh,East Kameng,27.320083,93.050917,Earth,Debris,0.6374855728907094,Slide,1
MZ/SAI/84B15/2018/44,Mizoram,Saiha,22.487,92.964996,Debris,Debris,0.9439377747882525,Slide,1
MZ/AZL/84A10/2024/029,Mizoram,Aizawl,23.71735556,92.70753333,Earth,Debris,0.874985102852116,Other,0
ASM/WKA/83C09/2016/5,Assam,West Karbi Anglong,25.86958,92.59411,Debris,Debris,0.7976473009893739,Slide,1
MZ/LAW/84B14/2018/29,Mizoram,Lawngtlai,22.503,92.889,Debris,Debris,0.9621095495445466,Slide,1
ME/EKJ/78O14/2015/47,Meghalaya,East Khasi Hills,25.606193,91.856276,Rock,Debris,0.5306591699024861,Slide,1
MZ/SAI/84B15/2018/47,Mizoram,Saiha,22.496,92.975998,Rock,Rock,0.9192811332297206,Fall,0
NAG/MOK/83J/7/2016/0006,Nagaland,Mokokchung,26.367056,94.472861,Debris,Debris,0.6474904068930211,Slide,1
NAG/MOK/83J/7/2016/0004,Nagaland,Mokokchung,26.282667,94.475667,Debris,Debris,0.522310967992145,Slide,1
MZ/CHA/84E07/2017/103,Mizoram,Champhai,23.306444,93.303889,Rock,Rock,0.5954411422370848,Slide,0
NAG/WOK/83J/4/2016/0031,Nagaland,Wokha,26.213389,94.235778,Rock,Rock,0.4989265048560741,Slide,1
MZ/SER/84A15/2016/124,Mizoram,Aizawl,23.333984,92.781878,Debris,Rock,0.6636574171017412,Slide,1
SKM/WS/78A08/2015/318,Sikkim,West Sikkim,27.127194,88.308306,Debris,Debris,0.9357842703904821,Slide,1
MAN/SEN/83K07/2015/064,Manipur,Senapati,25.381389,94.279306,Earth,Debris,0.744736938625416,Slide,1
SKM/SS/78A07/2015/340,Sikkim,South Sikkim,27.314694,88.417917,Debris,Debris,0.9718865442745541,Subsidence,1
MN/NON/83H05/2018/80,Manipur,Noney,24.812167,93.423,Debris,Debris,0.9131146177239575,Slide,0
MN/UKH/83K11/2017/9,Manipur,Ukhrul,25.321861,94.523839,Debris,Soil,0.5193640026551343,Slide,0
SKM/NS/78A10/2017/202,Sikkim,North Sikkim,27.629361,88.695194,Debris,Debris,0.949297900782013,Slide,1
AS-13/2011,Assam,Dima Hasao,25.10727778,92.88313889,Other,Other,0.8991382005048697,Other,0
MEG/EKH/78O8/2019/08,Meghalaya,East Khasi Hills,25.22194444,91.38422222,Debris,Rock,0.6378029634979199,Slide,1
AS/DIM/83G07/2017/42,Assam,Dima Hasao,25.4025,93.392194,Soil,Debris,0.8993293314642014,Slide,1
MZ/AIZ/84E01/2017/66,Mizoram,Aizawl,23.888081,93.026642,Debris,Debris,0.5953675499284997,Slide,0
MG/WKH/78O02/2017/71,Meghalaya,West Khasi Hills,25.612794,91.173697,Debris,Debris,0.93318525807593,Slide,1
MZ/CHA/84E07/2017/64,Mizoram,Champhai,23.353111,93.299361,Debris,Rock,0.6172194428402332,Slide,0
MG/WKH/78O02/2017/43,Meghalaya,West Khasi Hills,25.666028,91.091167,Debris,Debris,0.9649881789488256,Slide,1
ASM/DH/83G4/2016/01,Assam,Dima Hasao,25.179861,93.070778,Debris,Debris,0.6935886597365256,Slide,0
MG/WKH/78O02/2017/22,Meghalaya,West Khasi Hills,25.569222,91.217222,Debris,Debris,0.9249329941369291,Slide,1
MZ/CHA/84E08/2017/39,Mizoram,Champhai,23.131158,93.293979,Debris,Rock,0.586272425125838,Slide,0
MN/TMLG/83H5/2016/02,Manipur,Tamenglong,24.836194,93.481992,Debris,Debris,0.892334662319489,Slide,1
NL/PHE/83K02/2014/32,Nagaland,Phek,25.55408,94.23669,Debris,Debris,0.7291314145566455,Slide,1
MIZ/SER/84A16/2025/095,Mizoram,Serchhip,23.225227,92.912496,Debris,Debris,0.761140527728215,Slide,1
MIZ/HNAH/84A16/2025/084,Mizoram,Hnahthial,23.077813,92.89844,Debris,Debris,0.8496407635895097,Slide,0
AP/PAP/83E11/2021/78,Arunachal Pradesh,Papum Pare,27.253778,93.507778,Debris,Debris,0.5308500135759078,Slide,0
NAG/KOH/83K1/2016/125,Nagaland,Kohima,25.915444,94.119639,Rock,Rock,0.8421298158777462,Fall,0
MIZ/KOL/2024/867,Mizoram,Kolasib,24.44347778,93.15817778,Debris,Debris,0.943012951752436,Other,0
MZ/AIZ/84A10/2015/198,Mizoram,Aizawl,23.722222,92.682278,Debris,Debris,0.7538918132248947,Slide,0
AR/S/82P04/2022/031,Arunachal Pradesh,Siang,28.22675,94.225111,Debris,Debris,0.9458517565199828,Slide,1
MZ/SER/84A15/2016/88,Mizoram,Serchhip,23.497388,92.855013,Debris,Debris,0.713412759574034,Slide,1
MN/KAM/83L09/2017/7,Manipur,Kamjong,24.806417,94.505778,Debris,Debris,0.8264945745409019,Slide,0
MZ/SER/84A15/2016/73,Mizoram,Serchhip,23.442118,92.868912,Rock,Debris,0.5087310031132429,Slide,1
MIZ/AZL/2024/252,Mizoram,Aizawl,23.74722222,92.71805556,Debris,Debris,0.8636732986070388,Slide,0
MZ/SAI/84B15/2018/52,Mizoram,Saiha,22.475,92.964996,Debris,Debris,0.9316998646511427,Slide,0
MN/CHA/83L03/2018/10,Manipur,Chandel,24.267194,94.111889,Debris,Debris,0.6871240666765349,Slide,0
NG/PHE/83K14/2017/48,Nagaland,Phek,25.620269,94.801031,Debris,Debris,0.5617826187222648,Slide,1
NG/PHE/83K14/2017/16,Nagaland,Phek,25.568611,94.783078,Debris,Debris,0.8920570089714157,Slide,1
MZ/SER/84A15/2024/156,Mizoram,Serchhip,23.463164,92.854672,Debris,Debris,0.9055208031728644,Slide,0
MEGH/EKH/78O15/2008/D-47,Meghalaya,East Khasi Hills,25.359611,91.889417,Rock,Rock,0.9317869089100238,Slide,0
MZ/CHA/84E03/2017/50,Mizoram,Champhai,23.479667,93.225722,Rock,Debris,0.6070601452103014,Slide,1
MIZ/AZL/2024/239,Mizoram,Aizawl,23.71583333,92.72,Debris,Debris,0.563975423420693,Fall,0
MZ/LAW/84B14/2018/17,Mizoram,Lawngtlai,22.568556,92.87944,Debris,Debris,0.9578234496612216,Slide,1
AS/DIM/83C16/2017/23,Assam,Dima Hasao,25.049444,92.79725,Soil,Debris,0.934847276204402,Slide,1
MZ/CHA/84E01/2017/7,Mizoram,Champhai,23.750139,93.098167,Rock,Rock,0.6520092060827833,Slide,0
NAG/PHK/83K5/2016/148,Nagaland,Phek,25.750978,94.483064,Debris,Debris,0.8817317495904431,Slide,1
MIZ/AZL/2024/664,Mizoram,Aizawl,23.87694444,92.84,Earth,Debris,0.691640526857721,Slide,0
MN/CDL/83L04/2020/16,Manipur,Chandel,24.09,94.02,Rock,Rock,0.9802129479798218,Slide,0
MZ/AIZ/84E01/2017/106,Mizoram,Aizawl,23.983694,93.044418,Soil,Debris,0.5573664904811377,Slide,0
MZ/AIZ/84A14/2015/112,Mizoram,Aizawl,23.669056,92.888889,Rock,Debris,0.7389550088006207,Slide,1
MZ/LUNG/84B14/2018/9,Mizoram,Lunglei,22.681,92.884003,Rock,Rock,0.943842068165716,Fall,0
MN/PZL/83H04/2020/8,Manipur,Pherzawl,24.2,93.22,Debris,Debris,0.8511468790422289,Slide,1
MN/KAM/83L06/2018/21,Manipur,Kamjong,24.607745,94.342873,Debris,Debris,0.8577645904141477,Slide,1
AP/LDV/82P/11/2022/LS-88,Arunachal Pradesh,Lower Dibang Valley,28.261147,95.567331,Debris,Debris,0.9111956657109617,Slide,0
AS-05/2012-13,Assam,Kamrup,26.15052778,91.72766667,Other,Other,0.9406249430691689,Other,0
SKM/SS/78A08/2015/323,Sikkim,South Sikkim,27.130444,88.340222,Debris,Debris,0.9269571551719389,Slide,1
MIZ/AIZ/84A13/2016/46,Mizoram,Aizawl,23.760222,92.848167,Rock,Rock,0.8962103493998532,Fall,0
SKM/Namchi/78A08/2022/01,Sikkim,Namchi,27.09725,88.3825,Debris,Debris,0.9409512530053942,Slide,1
NA/DIM/83G13/2020/29,Nagaland,Dimapur,25.77,93.91,Debris,Debris,0.830699369793752,Slide,1
MIZ/AZL/2023/132,Mizoram,Aizawl,23.35655556,92.76958333,Debris,Debris,0.5468500593253426,Slide,0
MIZ/AZL/2024/590,Mizoram,Aizawl,23.73472222,92.83055556,Debris,Debris,0.8795897462319321,Slide,0
AP/LDV/82P16/2022/110,Arunachal Pradesh,Lower Dibang Valley,28.313528,95.966611,Rock,Debris,0.9236139240313627,Slide,1
MZ/MAM/84A11/2017/139,Mizoram,Mamit,23.475392,92.605749,Rock,Rock,0.6552499574495853,Slide,1
MN/NON/83H05/2018/30,Manipur,Noney,24.841611,93.498556,Debris,Debris,0.8955227303402296,Slide,0
NAG/MOKH/83J08/2015/ 0092,Nagaland,Mokokchung,26.217361,94.419417,Debris,Rock,0.6637735703120726,Slide,1
NL/KOH/83K02/2014/11,Nagaland,Kohima,25.66897,94.04664,Debris,Debris,0.9265846072397189,Slide,1
MZ/CHA/84E06/2017/25,Mizoram,Champhai,23.514479,93.369982,Debris,Debris,0.7441327546321365,Slide,1
MZ/CHA/84E03/2017/63,Mizoram,Champhai,23.37492,93.1185,Rock,Rock,0.6195153589253881,Slide,0
MN/CDL/83L04/2020/81,Manipur,Chandel,24.25,94.07,Rock,Debris,0.47836165255592816,Slide,0
MEG/EKH/78O14/2021/02,Meghalaya,East Khasi Hills,25.64908889,91.899,Debris,Debris,0.5947281881697307,Slide,0
AR/CHNG/83M16/2022/104,Arunachal Pradesh,Changlang,27.163084,95.754775,Debris,Debris,0.9118640701612553,Slide,1
MIZ/HNAH/84A16/2025/087,Mizoram,Hnahthial,23.170678,92.899334,Rock,Debris,0.7366467628943026,Slide,0
MZ/LUN/84B09/2018/17,Mizoram,Lunglei,22.897339,92.549866,Rock,Debris,0.44743698091210654,Slide,1
MZ/CHA/84E03/2017/31,Mizoram,Champhai,23.340389,93.102306,Rock,Rock,0.9500109653519017,Fall,0
AP/WSG/83I09/2021/97,Arunachal Pradesh,West Siang,27.804361,94.715056,Rock,Rock,0.582974499817005,Slide,1
MZ/LAW/84B11/2020/39,Mizoram,Lawngtlai,22.26,92.68,Debris,Debris,0.9609871036817819,Slide,1
MZ/LUN/84A16/2018/11,Mizoram,Lunglei,23.078611,92.760002,Rock,Debris,0.6836928135810209,Slide,1
ME/EKJ/78O14/2015/17,Meghalaya,East Khasi Hills,25.616596,91.876562,Earth,Debris,0.7276653303144663,Slide,1
AP/EK/83E03/2021/21,Arunachal Pradesh,East Kameng,27.296611,93.099056,Soil,Debris,0.7907500593049601,Slide,1
MN/TML/83G08/2020/48,Manipur,Tamenglong,25.11,93.37,Debris,Debris,0.8737229378342951,Slide,1
SKM/ES/78A11/2015/156,Sikkim,East Sikkim,27.257972,88.548861,Debris,Debris,0.9498559455954269,Slide,1
SKM/WS/78A08/2015/391,Sikkim,West Sikkim,27.230583,88.306056,Debris,Debris,0.9649989617327522,Slide,1
MN/UKH/83K12/2017/62,Manipur,Ukhrul,25.055278,94.567861,Debris,Debris,0.6647268005704245,Slide,0
5763,Nagaland,Zunheboto,26.030802,94.634987,Debris,Debris,0.6436156515195219,Slide,0
MN/NON/83H09/2018/78,Manipur,Noney,24.829225,93.720472,Soil,Debris,0.9276820916409518,Slide,1
MZ/LAW/84B14/2018/2,Mizoram,Lawngtlai,22.5273,92.870003,Debris,Debris,0.9518928347171886,Slide,0
MIZ/LUNG/84A12/2025/190,Mizoram,Lunglei,23.204282,92.576174,Debris,Debris,0.8760192533684339,Flow,1
AR/CHNG/83M16/2022/055,Arunachal Pradesh,Changlang,27.163388,95.746685,Debris,Debris,0.9365494553339689,Slide,1
MAN/SEN/83K03/2015/14,Manipur,Senapati,25.304917,94.011444,Rock,Debris,0.951933290597884,Slide,0
SKM/NS/78A03/2017/33,Sikkim,West Sikkim,27.27075,88.167417,Debris,Debris,0.8093187377455436,Slide,1
ME/RIB/2025/22,Meghalaya,Ri-Bhoi,25.66315,91.90180278,Debris,Debris,0.6757089675629006,Fall,1
ME/EKH/83C02/2015/148,Meghalaya,East Khasi Hills,25.576203,92.057722,Debris,Debris,0.8096443468107274,Slide,1
AP/LSB/83E14/2021/36,Arunachal Pradesh,Lower Subansiri,27.63825,93.857583,Debris,Debris,0.7730020217936747,Slide,0
AP/DV/82P/13/2022/LS-118,Arunachal Pradesh,Dibang Valley,28.808133,95.926984,Debris,Earth,0.6137558380641881,Slide,0
NAG/WOK/83J/4/2016/0044,Nagaland,Wokha,26.213889,94.211111,Rock,Debris,0.6081198103488369,Slide,1
AP/DV/82P/13/2022/LS-140,Arunachal Pradesh,Dibang Valley,28.874939,95.981911,Debris,Debris,0.8222826533063271,Slide,1
MG/WKH/78O06/2017/11,Meghalaya,West Khasi Hills,25.545206,91.276144,Debris,Debris,0.8507065359096342,Slide,1
MN/CDL/83L04/2020/47,Manipur,Chandel,24.1,94.04,Rock,Rock,0.9643660270100839,Slide,0
MZ/LUN/84A16/2018/22,Mizoram,Lunglei,23.083004,92.898277,Debris,Debris,0.6226224786388622,Slide,1
NAG/MOK/83J/7/2016/0018,Nagaland,Mokokchung,26.395944,94.460056,Debris,Debris,0.8124984591862777,Slide,0
MN/KAM/83L05/2018/6,Manipur,Kamjong,24.796417,94.398786,Debris,Debris,0.7878114317961593,Slide,1
MN/CDL/83H16/2020/18,Manipur,Chandel,24.09,93.91,Rock,Rock,0.5727790263434983,Slide,0
MZ/AIZ/83D16/2016/117,Mizoram,Aizawl,24.182669,92.950748,Earth,Rock,0.5385464176162547,Slide,1
MEG/RB/78O14/2017/01,Meghalaya,Ri-Bhoi,25.663444,91.915944,Debris,Debris,0.6606876076733593,Slide,0
AR/US/82P02/2022/064,Arunachal Pradesh,Upper Siang,28.614667,95.063611,Debris,Debris,0.6135322920425426,Slide,1
MN/UKH/83L01/2018/48,Manipur,Ukhrul,24.983528,94.158333,Debris,Debris,0.5397124603237998,Slide,0
MZ/KOL/83D12/2016/17,Mizoram,Kolasib,24.187212,92.633859,Earth,Earth,0.38443094022197327,Slide,0
NL/KOH/83K02/2022/008,Nagaland,Kohima,25.7491204,94.0804548,Debris,Debris,0.8607519806708356,Slide,0
MN/UKH/83L01/2018/38,Manipur,Ukhrul,24.869028,94.234611,Debris,Debris,0.8738351116433956,Slide,0
MIZ/AZL/2024/294,Mizoram,Aizawl,23.62611111,92.72638889,Debris,Debris,0.9441259000292713,Slide,0
MZ/LAW/84B15/2018/33,Mizoram,Lawngtlai,22.356001,92.791,Debris,Debris,0.95626699914144,Slide,1
MZ/LAW/84B10/2020/45,Mizoram,Lawngtlai,22.53,92.62,Earth,Debris,0.6092171723766646,Slide,0
MZ/LAW/84B14/2019/7,Mizoram,Lawngtlai,22.704,92.985001,Debris,Rock,0.48159112850095,Slide,0
NAG/WOK/83J/4/2016/0106,Nagaland,Wokha,26.037381,94.037386,Rock,Debris,0.5754121445244822,Slide,1
MAN/TAM/83G12/2017/0050,Manipur,Tamenglong,25.156306,93.678917,Rock,Debris,0.8232232852503918,Slide,1
AR/WSI/82L11/2021/18,Arunachal Pradesh,West Siang,28.42636,94.6774,Debris,Debris,0.9784442457058586,Slide,1
MN/KAM/83L09/2017/19,Manipur,Kamjong,24.884389,94.601306,Debris,Debris,0.7420388164512867,Slide,1
MIZ/AZL/2024/389,Mizoram,Aizawl,23.55,92.70444444,Debris,Debris,0.9813637530764368,Slide,0
NAG/ZUN/83K09/2016/048,Nagaland,Kiphire,25.956083,94.719475,Debris,Debris,0.9781815347474853,Slide,0
ASM/KGJ/83D05/2020/0008,Assam,Karimganj,24.78002778,92.45372222,Earth,Earth,0.5768681717409784,Slide,0
MZ/LAW/84B16/2020/14,Mizoram,Saiha,22.11,92.86,Debris,Debris,0.9726016979237556,Slide,1
MN/CDL/83L04/2020/73,Manipur,Chandel,24.1,94.04,Rock,Rock,0.9643660270100839,Slide,0
"State: Sikkim/district: North
District/toposheet:
78A/11/year: 2018/serial no.",Sikkim,North Sikkim,27.39305556,88.63527778,Rock,Rock,0.497808757149936,Slide,1
NAG/KOH/83K1/2016/078,Nagaland,Kohima,25.83025,94.076639,Debris,Debris,0.9320608242805701,Subsidence,0
MZ/LUN/84B13/2018/33,Mizoram,Lunglei,22.836016,92.759361,Soil,Debris,0.822549018661716,Slide,1
MEG/WJH/83C4/2016/87,Meghalaya,East Jaintia Hills,25.047556,92.405806,Debris,Debris,0.8385273878433523,Slide,1
NG/MOK/83J10/2017/23,Nagaland,Mokokchung,26.688831,94.546019,Debris,Rock,0.6917047499502887,Slide,0
MZ/SER/84A15/2024/158,Mizoram,Serchhip,23.288812,92.864763,Debris,Debris,0.870468070723746,Slide,1
NG/KOH/83K2/2015/186,Nagaland,Kohima,25.63,94.103,Debris,Debris,0.9223085282236587,Slide,1
MZ/SAI/84F03/2020/9,Mizoram,Saiha,22.28,93.08,Debris,Debris,0.9444967576912178,Slide,0
MZ/KOL/83D15/2020/26,Mizoram,Kolasib,24.34,92.84,Debris,Debris,0.5423918104015695,Slide,1
MEG/EKH/78O15/2022/01,Meghalaya,East Khasi Hills,25.296,91.932,Rock,Rock,0.6153755425501948,Slide,0
NG/PHE/83K2/2015/102,Nagaland,Phek,25.624,94.206,Debris,Debris,0.788700963319052,Slide,1
MZ/KOL/83D15/2020/43,Mizoram,Kolasib,24.38,92.82,Debris,Debris,0.7544372541827327,Slide,1
AR/WS/83I13/2022/098,Arunachal Pradesh,West Siang,27.868667,94.787083,Rock,Debris,0.5567272480876588,Slide,1
SKM/SS/78A08/2015/386,Sikkim,South Sikkim,27.200389,88.3545,Debris,Debris,0.9344079980598984,Slide,1
MZ/AIZ/84A10/2017/0003,Mizoram,Aizawl,23.74035833,92.71311667,Debris,Rock,0.741976592733061,Slide,1
MZ/LAW/84B11/2020/49,Mizoram,Lawngtlai,22.36,92.61,Debris,Debris,0.9470377688558391,Slide,1
MZ/AIZ/84E01/2017/108,Mizoram,Aizawl,23.950195,93.125061,Rock,Debris,0.6526099754496888,Slide,0
MZ/CHA/84E05/2017/23,Mizoram,Champhai,23.881361,93.257027,Rock,Debris,0.5738775035275022,Slide,0
MZ/MAM/84A10/2015/155,Mizoram,Mamit,23.621722,92.623583,Rock,Rock,0.6663942238112084,Slide,0
ML-11/2010,Meghalaya,Jaintia Hills,25.04305556,92.42041667,Other,Other,0.9850533745149493,Other,0
SI/GAN/78A08/2025/01,Sikkim,Gangtok District,27.248882,88.476747,Debris,Debris,0.7420914447213963,Slide,1
SKM/SOUTH/78A08/2017/001,Sikkim,South Sikkim,27.172228,88.372,Debris,Rock,0.6033127903510749,Other,1
MZ/SER/84A15/2016/76,Mizoram,Serchhip,23.43481,92.873933,Rock,Rock,0.5450379189179347,Slide,1
MEG/RIB/78O13/2016/17,Meghalaya,Ri-Bhoi,25.951106,91.968889,Earth,Debris,0.4789311738018909,Slide,1
NA/PER/83G10/2020/15,Nagaland,Peren,25.53,93.74,Earth,Debris,0.6200311776620944,Subsidence,0
MN/TAM/83H05/2018/1,Manipur,Tamenglong,24.983806,93.497528,Debris,Debris,0.542307898307023,Slide,0
MIZ/KOL/2024/782,Mizoram,Kolasib,23.54600556,93.09247222,Earth,Earth,0.5862383497744145,Slide,0
MIZ/LUN/84A12/2025/005,Mizoram,Lunglei,23.2034,92.7379,Rock,Rock,0.7725837957889237,Fall,1
NAG/KIP/83K13/2016/058,Nagaland,Kiphire,25.827106,94.907639,Debris,Debris,0.9759497577787789,Slide,0
MZ/AIZ/83D16/2016/49,Mizoram,Aizawl,24.091359,92.796008,Debris,Rock,0.40324681490416625,Slide,0
MIZ/AZL/2024/445,Mizoram,Aizawl,23.54972222,92.70361111,Debris,Debris,0.9831857249708151,Slide,0
MIZ/LUNG/84A12/2025/036,Mizoram,Lunglei,23.194007,92.734654,Rock,Debris,0.7381350464973359,Slide,1
MIZ/AZL/2024/499,Mizoram,Aizawl,23.44583333,92.68444444,Debris,Debris,0.9485897009829912,Slide,0
MZ/LUN/84B09/2018/30,Mizoram,Lunglei,22.954966,92.705765,Rock,Rock,0.8459321916442855,Fall,0
TR/NTR/84A05/2015/14,Tripura,North Tripura,23.906917,92.271944,Debris,Debris,0.9680913331777234,Slide,0
MIZ/SER/84A15/2025/137,Mizoram,Serchhip,23.301587,92.868485,Debris,Debris,0.8024797458836935,Slide,1
MZ/AIZ/84A14/2015/75,Mizoram,Aizawl,23.730867,92.755639,Rock,Debris,0.506499662320102,Slide,1
MIZ/KOL/2024/860,Mizoram,Kolasib,24.15364444,93.02183611,Debris,Debris,0.5784506347437218,Slide,0
MG/WKH/78O02/2017/94,Meghalaya,West Khasi Hills,25.647514,91.055144,Soil,Debris,0.9101520801081197,Slide,1
SKM/ES/78A12/2015/28,Sikkim,East Sikkim,27.22975,88.619361,Earth,Debris,0.8579689063438999,Slide,0
6806,Arunachal Pradesh,East Kameng,27.313874,93.045623,Soil,Soil,0.7771580149979255,Slide,0
MIZ/AZL/2024/617,Mizoram,Aizawl,23.7375,92.78805556,Debris,Debris,0.8507519880081448,Slide,0
MZ/LAW/84B14/2019/8,Mizoram,Lawngtlai,22.700001,92.994003,Rock,Debris,0.6520512288381011,Slide,1
AP/WK/83E12/2008/A-14,Arunachal Pradesh,West Kameng,27.345556,92.266389,Debris,Debris,0.8165198063902059,Flow,1
NAG/MOKH/83J08/2015/ 0114,Nagaland,Mokokchung,26.394222,94.553472,Debris,Rock,0.7345761331515313,Slide,0
MIZ/AZL/2024/518,Mizoram,Aizawl,23.33472222,92.78083333,Debris,Debris,0.7832258460265635,Slide,0
6891,Meghalaya,West Khasi Hills,25.531739,91.296177,Debris,Debris,0.8770036331699917,Slide,1
SKM/ES/78A11/2015/47,Sikkim,East Sikkim,27.315083,88.506056,Debris,Debris,0.9290919550395157,Slide,0
MN/UKH/83K12/2017/56,Manipur,Ukhrul,25.063167,94.614389,Debris,Debris,0.8975767901617184,Slide,0
ASM/WKA/83B08/2017/36,Assam,West Karbi Anglong,26.036583,92.273056,Debris,Debris,0.8388222109794758,Slide,1
MG/EKH/78O11/2017/9,Meghalaya,East Khasi Hills,25.299931,91.726268,Rock,Debris,0.5582554554450225,Slide,0
AR/ANJ/91D12/2014/42,Arunachal Pradesh,Anjaw,28.20867,96.53222,Debris,Rock,0.5066521108038783,Slide,1
MIZ/AZL/2024/539,Mizoram,Aizawl,23.39166667,92.75527778,Debris,Debris,0.9766301425054249,Other,0
MIZ/KOL/2024/832,Mizoram,Kolasib,23.63703333,93.14361389,Debris,Debris,0.9047321212415688,Slide,0
ASM/KAM/78N16/2020/001,Assam,Kamrup (Metro),26.146,91.756,Debris,Debris,0.5145615710968224,Slide,0
MAN/UKH/83K08/2015/021,Manipur,Ukhrul,25.099194,94.460722,Debris,Debris,0.7639633653283477,Slide,1
ASM/WKA/83C09/2016/22,Assam,West Karbi Anglong,25.84967,92.69042,Rock,Rock,0.5885219903024725,Slide,1
MZ/MAM/84A10/2015/128,Mizoram,Mamit,23.712611,92.560444,Debris,Debris,0.6184854676455604,Slide,1
NL/CMK/83G13/2023/30,Nagaland,Chumoukedima,25.77982778,93.800875,Rock,Rock,0.831290717056334,Slide,1
MZ/SAI/84F04/2020/10,Mizoram,Saiha,22.15,93.01,Debris,Debris,0.9234285989275102,Slide,0
MAN/SEN/83K03/2015/61,Manipur,Senapati,25.338556,94.158806,Debris,Debris,0.9746420455919874,Slide,0
AR/EAK/84E03/2025/05,Arunachal Pradesh,East Kameng,27.309745,93.047722,Soil,Soil,0.6583923316593668,Slide,1
MIZ/AZL/2024/242,Mizoram,Aizawl,23.73694444,92.715,Rock,Debris,0.9053288970451222,Slide,0
NAG/ZUN/83K09/2016/131,Nagaland,Kiphire,25.965394,94.571428,Debris,Debris,0.9726513501876987,Slide,1
MN/NON/83H10/2018/59,Manipur,Noney,24.628,93.603944,Debris,Debris,0.9634098991228826,Slide,1
MN/CCP/83H12/2020/11,Manipur,Churachandpur,24.1,93.57,Rock,Debris,0.7736040737024348,Slide,1
LS_ASM_DH_0390/2024,Assam,Dima Hasao,25.172918,92.995982,Debris,Debris,0.7941169826816219,Slide,1
MN/JRM/83H02/2020/25,Manipur,Jiribam,24.74,93.15,Debris,Debris,0.5456400632141563,Slide,0
NG/PHE/83K14/2017/20,Nagaland,Phek,25.560844,94.773214,Debris,Debris,0.909183691633293,Slide,1
6781,Manipur,Senapati,25.415678,94.085361,Debris,Debris,0.8599837665368009,Slide,1
NG/PHE/83K10/2017/17,Nagaland,Phek,25.613472,94.583333,Debris,Debris,0.7382831052184196,Slide,1
NL/KOH/83K02/2014/29,Nagaland,Kohima,25.68375,94.12436,Debris,Debris,0.9541331678909093,Slide,1
NAG/KIP/83K13/2016/080,Nagaland,Kiphire,25.817164,94.975969,Debris,Debris,0.9813895262652423,Slide,0
NAG/PER/83G12/2017/0130,Nagaland,Peren,25.187583,93.653861,Rock,Debris,0.5615569544110963,Slide,1
NAG/WOKH/83J08/2015/0056,Nagaland,Wokha,26.096722,94.253694,Rock,Debris,0.6885681666607574,Slide,0
AR/ANJ/92A05/2014/18,Arunachal Pradesh,Anjaw,27.98747,96.41133,Debris,Debris,0.8545631177098807,Flow,1
MAN/SEN/83K03/2015/13,Manipur,Senapati,25.302639,94.014617,Debris,Debris,0.9508284136086339,Slide,0
NG/MON/83N01/2017/55,Nagaland,Mon,26.834972,95.080528,Rock,Soil,0.49413528927555866,Slide,0
MZ/LAW/84B10/2020/19,Mizoram,Lawngtlai,22.57,92.68,Rock,Rock,0.6053809960709928,Slide,0
MN/KAM/83L09/2017/28,Manipur,Kamjong,24.956083,94.522278,Debris,Soil,0.5169399129628525,Slide,0
AP/LDV/82P16/2022/57,Arunachal Pradesh,Lower Dibang Valley,28.215206,95.793704,Debris,Debris,0.6746687169375764,Slide,1
MG/WKH/78O02/2017/83,Meghalaya,West Khasi Hills,25.663303,91.1347,Debris,Debris,0.6719636211926289,Slide,1
AP/EK/83E03/2021/23,Arunachal Pradesh,East Kameng,27.240444,93.064361,Debris,Debris,0.6536188450015998,Slide,1
NAG/TUE/83J15/2009/F-12,Nagaland,Tuensang,26.37639,94.84056,Debris,Debris,0.5949908327173573,Slide,1
ASM/DH/83G4/2016/39,Assam,Dima Hasao,25.199722,93.016722,Debris,Debris,0.8095655072177056,Slide,1
MZ/CHA/84E08/2017/14,Mizoram,Champhai,23.163158,93.280821,Rock,Rock,0.5530766475386584,Slide,0
NA/PER/83G10/2020/5,Nagaland,Peren,25.51,93.72,Debris,Debris,0.608062779934563,Slide,1
NG/MON/83N01/2017/4,Nagaland,Mon,26.778444,95.069083,Debris,Debris,0.6558176549194346,Slide,0
NAG/WOK/83J/4/2016/0066,Nagaland,Wokha,26.155083,94.250361,Rock,Rock,0.5335710575448773,Slide,0
ME/EKJ/78O14/2015/38,Meghalaya,East Khasi Hills,25.614657,91.870692,Earth,Earth,0.7701741829155706,Slide,1
NAG/ZUN/83K09/2016/115,Nagaland,Kiphire,25.922767,94.565056,Debris,Debris,0.9523927249678293,Slide,1
SKM/NS/78A04/2017/119,Sikkim,West Sikkim,27.157694,88.092833,Debris,Debris,0.6194144052084692,Slide,1
MN/KAN/83G16/2018/006,Manipur,Kangpokpi,25.201083,93.140806,Debris,Debris,0.7889944077490626,Slide,0
MZ/LUN/84B05/2020/22,Mizoram,Lunglei,22.9,92.49,Debris,Debris,0.9651779535538654,Slide,1
MZ/AIZ/84E01/2017/54,Mizoram,Aizawl,23.840334,93.071945,Rock,Rock,0.6047393300629603,Slide,1
MN/NON/83H05/2018/21,Manipur,Noney,24.834694,93.459167,Debris,Debris,0.8315496152386701,Slide,0
AS/DIM/83G4/2015/35,Assam,Dima Hasao,25.137,93.04,Earth,Earth,0.9283259474443739,Slide,1
MIZ/AZL/2024/855,Mizoram,Aizawl,23.24454722,93.17027222,Debris,Debris,0.9542650700501485,Slide,0
MN/PZL/83H02/2020/44,Manipur,Pherzawl,24.52,93.09,Debris,Debris,0.9473558793161126,Slide,1
MZ/LUN/84B13/2018/31,Mizoram,Lunglei,22.83358,92.955582,Debris,Debris,0.5179593299198124,Slide,0
NG/LON/83J14/2017/13,Nagaland,Longleng,26.590556,94.764167,Debris,Debris,0.7701039640208821,Slide,1
NL/MOK/83J07/2025/08,Nagaland,Mokokchung,26.379798,94.450751,Debris,Debris,0.561821233774185,Slide,1
AR/ANJ/91D08/2014/17,Arunachal Pradesh,Anjaw,28.00611,96.42872,Debris,Debris,0.6987565031713252,Slide,1
AS/KAR/83G05/2017/3,Assam,Karbi Anglong,25.96272,93.46964,Soil,Debris,0.761509799153605,Slide,1
SKM/SS/78A08/2015/204,Sikkim,South Sikkim,27.216639,88.392361,Rock,Debris,0.95495976724495,Slide,1
MZ/AZL/84A14/2024/0147,Mizoram,Aizawl,23.72222222,92.80138889,Rock,Debris,0.6547434009502917,Slide,0
SKM/ES/78A12/2015/21,Sikkim,East Sikkim,27.235778,88.506306,Debris,Debris,0.9390126790713832,Slide,1
MZ/AIZ/84E02/2017/34,Mizoram,Aizawl,23.68054,93.020091,Debris,Debris,0.5416200956480794,Slide,1
AR/ES/82P04/2022/014,Arunachal Pradesh,East Siang,28.033278,95.235383,Debris,Debris,0.48989153601304214,Flow,0
MN/CDL/83L04/2020/17,Manipur,Chandel,24.09,94.02,Rock,Rock,0.9802129479798218,Slide,0
MN/UKH/83K11/2017/73,Manipur,Ukhrul,25.493694,94.555833,Debris,Debris,0.7460749765919524,Slide,0
MEG/EKH/78O10/2016/31,Meghalaya,East Khasi Hills,25.509358,91.719631,Debris,Debris,0.8287322150854973,Slide,1
MN/CCP/83H11/2020/9,Manipur,Churachandpur,24.18,93.6,Debris,Debris,0.5625827071155766,Slide,1
MIZ/LUNG/84A12/2025/198,Mizoram,Lunglei,23.190022,92.554302,Debris,Debris,0.9207589061395685,Flow,1
AS/KAR/83G05/2017/13,Assam,Karbi Anglong,25.82522,93.4243,Debris,Debris,0.5284040407300541,Slide,1
NL/PER/83G11/2022/036,Nagaland,Peren,25.459292,93.737054,Debris,Debris,0.6379308632453944,Slide,1
MIZ/AZL/2024/325,Mizoram,Aizawl,23.61138889,92.80722222,Debris,Debris,0.8190307656041483,Slide,0
MZ/LUN/84B10/2020/51,Mizoram,Lunglei,22.64,92.66,Debris,Debris,0.8999367514533044,Slide,1
SKM/SS/78A08/2015/322,Sikkim,South Sikkim,27.126444,88.340444,Debris,Debris,0.943910995371648,Slide,1
NG/KOH/83K2/2015/162,Nagaland,Kohima,25.673,94.101,Debris,Debris,0.9392454448119733,Slide,1
MAN/SEN/83K04/2015/100,Manipur,Senapati,25.038753,94.152236,Debris,Debris,0.8347987925286275,Slide,1
NAG/MOK/83J/7/2016/0002,Nagaland,Mokokchung,26.2905,94.393222,Debris,Debris,0.7193462738812118,Slide,0
NAG/ZUN/83J12/2017/0072,Nagaland,Zunheboto,26.161955,94.594693,Debris,Debris,0.45342175287289793,Slide,1
SKM/SS/78A08/2015/187,Sikkim,South Sikkim,27.224778,88.372083,Debris,Debris,0.9352214839247168,Slide,1
SKM/NS/78A15/2017/146,Sikkim,East Sikkim,27.367111,88.776028,Rock,Debris,0.9120167247290425,Slide,1
AS/WKA/83C09/2020/13,Assam,West Karbi Anglong,25.96403,92.51631,Earth,Debris,0.5358647048894303,Slide,1
AR/EAK/84E12/2025/30,Arunachal Pradesh,Papum Pare,27.062298,93.531487,Debris,Debris,0.8473667771441168,Slide,1
ME/RBH/78N16/2015/114,Meghalaya,Ri-Bhoi,26.075944,91.820806,Debris,Debris,0.7103558850042635,Slide,0
MZ/CHA/84E05/2017/15,Mizoram,Champhai,23.833166,93.305275,Debris,Debris,0.7998841324193169,Slide,0
NA/PER/83G10/2020/7,Nagaland,Peren,25.52,93.72,Rock,Debris,0.5578324529189923,Slide,1
MG/EKH/78O16/2017/5,Meghalaya,East Khasi Hills,25.206426,91.75498,Rock,Debris,0.8993561068522987,Slide,1
MN/KAM/83L09/2017/20,Manipur,Kamjong,24.869917,94.592417,Debris,Debris,0.8301760919975609,Slide,1
MN/CDL/83L04/2020/26,Manipur,Chandel,24.12,94.13,Rock,Rock,0.5802623227978028,Slide,0
MIZ/LUN/84A12/2025/041,Mizoram,Lunglei,23.201584,92.736877,Debris,Debris,0.6923959806185376,Slide,1
ASM/WKA/83C09/2016/3,Assam,West Karbi Anglong,25.85992,92.72558,Debris,Debris,0.42249682543814027,Slide,1
ASM/DH/83G4/ PD/2016/06,Assam,Dima Hasao (N.C. Hills),25.15669444,93.01766667,Debris,Debris,0.797950881754701,Slide,0
NAG/KOM/83K/2/2017/01,Nagaland,Kohima,26.00197222,94.18366667,Debris,Debris,0.8979706651057057,Slide,1
MN/UKH/83K11/2017/36,Manipur,Ukhrul,25.287722,94.530583,Debris,Debris,0.8083205863191982,Slide,0
MN/KAN/83H13/2018/1,Manipur,Kangpokpi,24.778778,93.782778,Soil,Debris,0.6259981911109769,Slide,0
MEG/WJH/83C3/2020/6,Meghalaya,West Jaintia Hills,25.43505556,92.19836111,Debris,Debris,0.48881981846842004,Slide,0
ME/EKJ/78O15/2015/76,Meghalaya,East Khasi Hills,25.423839,91.862729,Debris,Rock,0.6725547955297896,Slide,1
MZ/SAI/84B15/2018/56,Mizoram,Saiha,22.427999,92.947998,Debris,Debris,0.9742836508006938,Slide,1
AP/AW/91D8/2022/84,Arunachal Pradesh,Anjaw,28.105952,96.447724,Rock,Rock,0.6099431381870897,Slide,1
ASM/DH/83G04/2022-23/012,Assam,Dima Hasao,25.18972,93.02011,Debris,Debris,0.6606629220771246,Slide,0
MIZ/AZL/2024/339,Mizoram,Aizawl,23.61555556,92.79972222,Debris,Debris,0.9412885085866031,Slide,0
MZ/CHA/84E02/2017/17,Mizoram,Champhai,23.685602,93.028404,Rock,Rock,0.4905350593453471,Slide,1
NAG/ZUN/83K09/2016/121,Nagaland,Kiphire,25.857789,94.523589,Debris,Debris,0.9743132234279396,Slide,0
NG/KOH/83K2/2015/189,Nagaland,Kohima,25.663,94.113,Rock,Debris,0.9406887331675804,Slide,0
NG/PHE/83K6/2015/281,Nagaland,Phek,25.726,94.435,Debris,Debris,0.9052088647555221,Slide,1
MZ/KOL/83D12/2016/8,Mizoram,Kolasib,24.004867,92.677265,Rock,Rock,0.6047361589499645,Slide,1
MIZ/AZL/2024/755,Mizoram,Aizawl,23.101925,93.20426111,Debris,Debris,0.9737922046357611,Slide,0
NAG/TUN/83J16/2016/0038,Nagaland,Tuensang,26.185491,94.814241,Rock,Rock,0.5811353204643341,Slide,0
MAN/SEN/83K03/2015/51,Manipur,Senapati,25.332489,94.080258,Debris,Debris,0.9552989434756879,Slide,1
MG/WKH/78K15/2018/1,Meghalaya,West Khasi Hills,25.479069,90.807167,Debris,Debris,0.734083674035202,Slide,0
AP/EK/83E03/2021/38,Arunachal Pradesh,East Kameng,27.177667,93.148694,Soil,Soil,0.9521451936763812,Slide,1
MZ/SER/84A15/2024/153,Mizoram,Serchhip,23.47694444,92.857846,Debris,Debris,0.8667233165523903,Slide,1
MEG/EKH/78O10/2016/09,Meghalaya,East Khasi Hills,25.542744,91.662067,Rock,Debris,0.8102027430814287,Slide,1
MG/EKH/78O16/2017/3,Meghalaya,East Khasi Hills,25.225772,91.863037,Debris,Debris,0.8402496533873148,Slide,1
MIZ/SER/84A15/2025/143,Mizoram,Serchhip,23.274148,92.871011,Debris,Debris,0.891072993542637,Flow,1
6827,Arunachal Pradesh,East Kameng,27.216933,93.066329,Debris,Debris,0.8800792244752114,Slide,0
AS/KAR/83F03/2018/6,Assam,Karbi Anglong,26.303333,93.225694,Debris,Debris,0.9003902382176432,Slide,1
MZ/LUN/84A11/2017/137,Mizoram,Lunglei,23.360199,92.632911,Rock,Rock,0.7197945557802367,Slide,1
MG/WKH/78O02/2017/64,Meghalaya,West Khasi Hills,25.65835,91.177014,Debris,Debris,0.6830303211566215,Slide,1
NAG/TUE/83J11/2009/F-9,Nagaland,Tuensang,26.27028,94.75,Other,Other,0.35053140191900967,Other,0
MIZ/AZL/2024/621,Mizoram,Aizawl,23.72222222,92.79861111,Debris,Debris,0.9144625533826666,Other,0
MEG/WKH/78O10/2016/06,Meghalaya,West Khasi Hills,25.5502,91.618106,Earth,Debris,0.7546585012998965,Slide,1
MN/UKH/83L01/2018/7,Manipur,Ukhrul,24.946889,94.155111,Soil,Soil,0.5171125040015265,Slide,0
AP/PAP/83E12/2021/67,Arunachal Pradesh,Papum Pare,27.214778,93.635667,Debris,Debris,0.812138029102816,Slide,0
MZ/LUN/84B05/2020/38,Mizoram,Lunglei,22.89,92.48,Debris,Debris,0.9757298128609769,Slide,1
SKM-07/2012-13,Sikkim,North Sikkim,27.57502778,88.65402778,Debris,Debris,0.9063613115571603,Slide,1
ASM/DH/83G4/ PD/2016/36,Assam,Dima Hasao (N.C. Hills),25.21494444,93.02161111,Debris,Debris,0.8536970259932867,Slide,1
MIZ/AZL/2024/729,Mizoram,Aizawl,24.48308611,93.58860833,Debris,Debris,0.8647982562527473,Slide,0
MG/WKH/78O02/2017/68,Meghalaya,West Khasi Hills,25.607458,91.157039,Debris,Debris,0.9527880250036117,Slide,1
AP/LDV/82P11/2022/LS83,Arunachal Pradesh,Lower Dibang Valley,28.262879,95.551911,Debris,Debris,0.9346357368900776,Slide,1
NAG/TUN/83J16/2016/0041,Nagaland,Tuensang,26.231694,94.941056,Rock,Rock,0.6968802507133983,Slide,1
MZ/CHA/84E01/2017/5,Mizoram,Champhai,23.782249,93.116165,Debris,Debris,0.6207331139800669,Slide,1
ASM/DH/83G4/ PD /2016/03,Assam,Dima Hasao (N.C. Hills),25.20738889,93.12277778,Debris,Debris,0.7978519285492629,Subsidence,1
MIZ/LUN/84A12/2025/078,Mizoram,Lunglei,23.17884,92.736546,Debris,Debris,0.6645294947090057,Slide,0
MZ/AIZ/84A10/2015/189,Mizoram,Aizawl,23.7335,92.674472,Rock,Debris,0.74229759683672,Slide,0
MAN/UKH/83K07/2015/037,Manipur,Ukhrul,25.396222,94.450472,Debris,Debris,0.8749086106449435,Slide,1
SKM/Geyzing/78A08/2022/01,Sikkim,Geyzing,27.19950556,88.32696111,Debris,Debris,0.8911103711552342,Slide,1
AS/DIM/83G07/2017/35,Assam,Dima Hasao,25.423806,93.369722,Debris,Debris,0.8495735206111735,Slide,1
ME/EKJ/78O15/2015/116,Meghalaya,East Khasi Hills,25.257286,91.871763,Debris,Debris,0.8688330898490535,Slide,1
MIZ/AZL/2024/372,Mizoram,Aizawl,23.57888889,92.7125,Debris,Debris,0.9445433451630151,Slide,0
MZ/LUN/84B09/2018/28,Mizoram,Lunglei,22.966381,92.705399,Rock,Debris,0.6757498833043316,Slide,1
MZ/LUN/84A16/2018/89,Mizoram,Lunglei,23.0425,92.772781,Debris,Debris,0.7865324720155298,Slide,0
MZ/AZL/84A10/2024/075,Mizoram,Aizawl,23.672069,92.7099293,Debris,Debris,0.8184673674582645,Slide,0
NL/PER/83G14/2022/046,Nagaland,Peren,25.576992,93.809083,Debris,Debris,0.43014609251052127,Slide,1
MAN/SEN/83K03/2015/57,Manipur,Senapati,25.379611,94.146667,Debris,Debris,0.9440298038216831,Slide,0
ML-03/2012-13,Meghalaya,Jaintia Hills,25.26005556,92.38863889,Other,Other,0.8545244006160261,Other,1
MIZ/AZL/2024/757,Mizoram,Aizawl,23.1057,93.20275278,Debris,Debris,0.9739327520425395,Slide,0
AP/DV/84P/14/2022/LS-102,Arunachal Pradesh,Lower Dibang Valley,28.267216,95.559542,Debris,Debris,0.8797342968766053,Slide,1
NG/KOH/83K2/2015/153,Nagaland,Kohima,25.548,94.188,Debris,Debris,0.8947195467134196,Slide,1
NG/MON/83N2/2017/13,Nagaland,Mon,26.727889,95.040389,Soil,Debris,0.5595654373166032,Slide,0
NG/NOK/83N04/2017/53,Nagaland,Noklak,26.041611,95.075806,Rock,Debris,0.7438576789266322,Slide,0
MIZ/AZL/2024/622,Mizoram,Aizawl,23.72138889,92.79944444,Debris,Debris,0.6665886012027549,Slide,0
MIZ/LUNG/84A12/2025/033,Mizoram,Lunglei,23.203253,92.735838,Earth,Debris,0.7062740304362858,Slide,1
MN/TAM/83H09/2018/15,Manipur,Tamenglong,24.987583,93.506167,Debris,Soil,0.5123858916699918,Slide,0
SKM/SS/78A08/2015/175,Sikkim,South Sikkim,27.153528,88.494389,Debris,Debris,0.9414881062534965,Slide,1
MIZ/AZL/2023/145,Mizoram,Aizawl,23.55944444,92.70833333,Earth,Debris,0.7043640095136912,Slide,0
SKM/SS/78A08/2015/222,Sikkim,South Sikkim,27.133722,88.390833,Debris,Debris,0.8498445175017636,Slide,1
MZ/CHA/84E06/2017/5,Mizoram,Champhai,23.618316,93.342403,Debris,Debris,0.7493068408074149,Slide,0
TR/NTR/84A05/2015/25,Tripura,North Tripura,23.890278,92.272528,Debris,Debris,0.9597460204873204,Slide,0
NG/LON/83J15/2017/35,Nagaland,Longleng,26.404167,94.870278,Debris,Debris,0.8363480975124465,Subsidence,1
AS/KAM(M)/78N12/2025/01,Assam,Kamrup,26.166185,91.7147,Earth,Earth,0.6909689487331734,Slide,1
NG/KOH/83K2/2015/69,Nagaland,Kohima,25.729,94.083,Debris,Debris,0.9338811463944452,Slide,1
MIZ/LUN/84A16/2025/191,Mizoram,Lunglei,23.046442,92.772974,Debris,Debris,0.9505336619263764,Slide,1
ME/EKJ/78O15/2015/107,Meghalaya,East Khasi Hills,25.32765,91.893414,Debris,Rock,0.4961222088451283,Slide,1
MIZ/AZL/2024/718,Mizoram,Aizawl,24.29982222,93.59040833,Debris,Debris,0.6466730586461487,Slide,0
4692,Meghalaya,West Khasi Hills,25.531698,91.295995,Debris,Debris,0.8105320905478698,Slide,1
MN/UKH/83K11/2017/71,Manipur,Ukhrul,25.429639,94.556472,Debris,Debris,0.6583613584204826,Slide,0
MIZ/LUN/84A16/2025/172,Mizoram,Lunglei,23.08373,92.757679,Earth,Debris,0.7275918402720533,Slide,1
MZ/LUN/84B13/2018/8,Mizoram,Lunglei,22.789967,92.820396,Debris,Rock,0.5043445520321727,Slide,1
MIZ/AZL/2024/756,Mizoram,Aizawl,23.10184722,93.20138889,Debris,Debris,0.9753206510908592,Slide,0
NL/KOH/83K02/2023/34,Nagaland,Kohima,25.6721,94.231075,Debris,Debris,0.8473250837217651,Slide,1
MZ/CHA/84E08/2017/44,Mizoram,Champhai,23.075703,93.315391,Debris,Debris,0.8421234041394688,Slide,1
MZ/SER/84A15/2024/164,Mizoram,Serchhip,23.381533,92.854115,Debris,Debris,0.891247386117519,Slide,1
AS/CHR/83D05/2020/2,Assam,Cachar,24.99,92.45,Debris,Debris,0.9523561128139101,Slide,0
ME/EKJ/78O14/2015/54,Meghalaya,East Khasi Hills,25.581829,91.765659,Rock,Debris,0.8686942350562258,Slide,0
MN/UKH/83L01/2018/35,Manipur,Ukhrul,24.892028,94.238389,Debris,Debris,0.870021168194387,Slide,0
SKM/SS/78A08/2015/260,Sikkim,South Sikkim,27.097833,88.3785,Debris,Debris,0.9351832470111316,Slide,1
AS/DIM/83G4/2015/63,Assam,Dima Hasao,25.188,93.066,Earth,Earth,0.8528518239039325,Slide,1
AS/DIH/83G08/2020/13,Assam,Dima Hasao,25.22,93.35,Debris,Debris,0.7976620013382513,Slide,1
MIZ/KOL/2024/812,Mizoram,Kolasib,24.64528611,93.28593611,Debris,Debris,0.8956928267041463,Slide,0
MZ/KOL/83D15/2020/30,Mizoram,Kolasib,24.34,92.84,Debris,Debris,0.5423918104015695,Slide,1
NG/KOH/83K2/2015/244,Nagaland,Kohima,25.728,94.112,Debris,Debris,0.9311085922820621,Slide,1
MIZ/LUNG/84A12/2025/179,Mizoram,Lunglei,23.172659,92.611828,Earth,Debris,0.8413877605842912,Slide,0
NAG/WOKH/83J08/2015/0052,Nagaland,Wokha,26.111278,94.257194,Rock,Debris,0.5809236285758362,Slide,0
NAG/WOK/83J/4/2016/0108,Nagaland,Wokha,26.134639,94.049278,Debris,Debris,0.7769955215127085,Slide,1
SKM/SS/78A08/2015/299,Sikkim,South Sikkim,27.176944,88.402056,Debris,Rock,0.5314458687189969,Slide,1
MIZ/AZL/2024/443,Mizoram,Aizawl,23.65888889,92.72861111,Debris,Debris,0.9657563041577708,Slide,0
SKM/WS/78A08/2015/348,Sikkim,West Sikkim,27.206917,88.323278,Debris,Debris,0.9616991132759409,Slide,1
MZ/LUN/84B05/2020/21,Mizoram,Lunglei,22.9,92.49,Debris,Debris,0.9651779535538654,Slide,1
NAG/KOH/83K1/2016/161,Nagaland,Kohima,25.750922,94.178869,Debris,Debris,0.9494885381575987,Slide,0
AP/LDV/82P16/2022/114,Arunachal Pradesh,Lower Dibang Valley,28.312731,95.975665,Debris,Debris,0.8500084034933632,Slide,1
TR/GMT/79M10/2018/007,Tripura,Gomati,23.794253,91.553533,Soil,Soil,0.5215080600182865,Slide,0
MZ/LAW/84B11/2020/63,Mizoram,Lawngtlai,22.49,92.74,Rock,Debris,0.5939700781385694,Slide,1
AP/LDV/82P16/2022/113,Arunachal Pradesh,Lower Dibang Valley,28.31085,95.979868,Debris,Debris,0.704366028201334,Slide,1
3442,Meghalaya,East Khasi Hills,25.566518,91.914509,Rock,Debris,0.8746679304104696,Fall,0
MEGH/EKH/78O15/2008/D-53,Meghalaya,East Khasi Hills,25.382694,91.877528,Rock,Rock,0.9146798797677307,Slide,0
NAG/PHK/83K5/2016/031,Nagaland,Phek,25.788389,94.434111,Debris,Debris,0.8815205807991182,Slide,0
NAG/WOKH/83J08/2015/0049,Nagaland,Wokha,26.191611,94.284361,Rock,Rock,0.8322170594316896,Slide,0
NG/NOK/83N04/2017/36,Nagaland,Noklak,26.194406,95.020358,Debris,Debris,0.7410827674930607,Slide,0
NAG/KOH/83K1/2016/105,Nagaland,Kohima,25.954389,94.022778,Debris,Debris,0.9328139857761157,Slide,0
MIZ/AIZ/84A13/2016/134,Mizoram,Aizawl,23.811722,92.959917,Debris,Debris,0.6507574296858805,Slide,0
MN/PZL/83H03/2020/24,Manipur,Pherzawl,24.33,93.15,Debris,Debris,0.9641013224350368,Slide,1
SKM/WS/78A07/2015/343,Sikkim,West Sikkim,27.268944,88.2875,Debris,Debris,0.9404976160166286,Slide,1
MZ/AIZ/83D15/2020/2,Mizoram,Aizawl,24.37,92.9,Rock,Debris,0.7602631889738362,Slide,1
MZ/LUN/84A16/2018/74,Mizoram,Lunglei,23.022125,92.919952,Debris,Debris,0.6719558594670569,Slide,1
AS/KAM/83B04/2015/111,Assam,Kamrup,26.171972,92.002611,Debris,Debris,0.8916281674487608,Slide,0
MZ/AIZ/83D16/2016/92,Mizoram,Aizawl,24.097858,92.918738,Earth,Earth,0.42169030431284826,Slide,1
AP/KM/83I01/2021/2,Arunachal Pradesh,Kamle,27.822556,94.135417,Debris,Debris,0.9235251118367644,Slide,0
MAN/SEN/83K03/2007/C-12,Manipur,Senapati,25.47217,94.15433,Debris,Debris,0.829865721036399,Slide,1
AR/ES/82P/8/2021/02,Arunachal Pradesh,East Siang,28.14251,95.27439,Debris,Debris,0.9410178343901295,Slide,1
MIZ/AZL/2022/67,Mizoram,Aizawl,23.88355556,92.84952778,Other,Earth,0.4509808481871065,Slide,1
MEG/WJH/83C4/2016/54,Meghalaya,East Jaintia Hills,25.042778,92.432472,Rock,Rock,0.597768539069424,Slide,1
NAG/ZUNH/83J08/2015/ 0069,Nagaland,Zunheboto,26.178,94.41275,Rock,Rock,0.8976230259791882,Slide,1
MN/CHU/83H10/2018/81,Manipur,Churachandpur,24.548053,93.709739,Debris,Debris,0.9203697617783843,Slide,1
MZ/AIZ/83H04/2017/14,Mizoram,Aizawl,24.046499,93.04422,Rock,Debris,0.8338905372544546,Slide,0
AS/DIM/83C16/2017/07,Assam,Dima Hasao,25.10292,92.986883,Debris,Debris,0.9430384651098894,Slide,1
MN/CDL/84E13/2020/6,Manipur,Chandel,24.0,93.82,Rock,Rock,0.6879100545607244,Slide,0
MIZ/LUN/84A16/2025/186,Mizoram,Lunglei,23.056424,92.772983,Rock,Debris,0.8992282735501709,Slide,1
MAN/SEN/83K03/2015/45,Manipur,Senapati,25.448389,94.003139,Debris,Debris,0.9487686601450256,Slide,0
AP/LSB/83E14/2021/34,Arunachal Pradesh,Lower Subansiri,27.622972,93.841361,Debris,Debris,0.9242550754206129,Slide,0
MIZ/LUNG/84A12/2025/200,Mizoram,Lunglei,23.208921,92.541174,Earth,Debris,0.8952022438900917,Slide,1
AS/KRP/78N16/2018/002,Assam,Kamrup,26.19530556,91.76563889,Debris,Debris,0.5664098303430859,Slide,0
MIZO/LUN/84B09/2005/E-11,Mizoram,Lunglei,22.88408,92.72978,Rock,Rock,0.8639801015442189,Fall,0
NAG/KIP/83K13/2016/060,Nagaland,Kiphire,25.786594,94.922778,Debris,Debris,0.9820815727677293,Slide,0
NAG/KIP/83K13/2016/002,Nagaland,Kiphire,25.797781,94.770447,Debris,Debris,0.9795131333037016,Slide,0
AP/KD/83E09/2021/44,Arunachal Pradesh,Kra Daadi,27.78,93.456231,Debris,Debris,0.6661583498885418,Slide,0
MZ/LUN/84A16/2018/32,Mizoram,Lunglei,23.143888,92.909447,Debris,Soil,0.42223199245153586,Slide,1
AP/WSG/83I09/2021/95,Arunachal Pradesh,West Siang,27.821889,94.730417,Debris,Debris,0.6617463393812952,Slide,1
NAG/ZUN/83K09/2016/120,Nagaland,Kiphire,25.850458,94.530347,Debris,Debris,0.9753808815403405,Slide,0
NL/KOH/83K01/2023/47,Nagaland,Kohima,25.77601111,94.03071389,Debris,Debris,0.8136911236508122,Subsidence,1
AS/DIM/83G07/2017/67,Assam,Dima Hasao,25.437722,93.349889,Soil,Debris,0.7705704299578765,Slide,0
SKM/SS/78A08/2015/272,Sikkim,South Sikkim,27.160194,88.415056,Debris,Debris,0.8755889533025167,Slide,1
MZ/CHA/84E02/2017/0074,Mizoram,Champhai,23.60753,93.092644,Rock,Rock,0.6648653575542377,Slide,1
MZ/CHA/84E07/2017/120,Mizoram,Champhai,23.419417,93.333333,Rock,Rock,0.5511380055707176,Slide,0
NG/MON/83N01/2017/3,Nagaland,Mon,26.777056,95.069361,Debris,Debris,0.6187007302150119,Slide,0
NL/KOH/83K02/2014/41,Nagaland,Kohima,25.61092,94.20064,Debris,Debris,0.9322076365738793,Slide,1
MAN/TAM/83G12/2017/0124,Manipur,Tamenglong,25.139167,93.669444,Rock,Rock,0.9607461060183089,Fall,1
MZ/LUN/84A12/2018/63,Mizoram,Lunglei,23.188799,92.55249,Debris,Debris,0.6249429470684997,Slide,1
MIZ/AZL/2023/105,Mizoram,Aizawl,24.23777778,92.95583333,Debris,Debris,0.8683770025085138,Slide,0
SKM/SS/78A08/2015/309,Sikkim,South Sikkim,27.159194,88.444361,Debris,Debris,0.942664647312923,Slide,1
NG/MON/83N3/2017/11,Nagaland,Mon,26.431639,95.048417,Debris,Debris,0.4664482289661803,Slide,1
MG/EKH/78O12/2017/12,Meghalaya,East Khasi Hills,25.181759,91.573658,Rock,Rock,0.883018620377902,Slide,0
MN/TEN/83L03/2018/45,Manipur,Tengnoupal,24.364861,94.174139,Debris,Debris,0.7296226618352982,Slide,1
MIZ/AZL/2024/414,Mizoram,Aizawl,23.54888889,92.70555556,Debris,Debris,0.9871743172048809,Other,0
MIZ/KOL/2024/808,Mizoram,Kolasib,24.58496667,93.31397222,Debris,Debris,0.8750968337219515,Slide,0
MAN/TAM/83G12/2017/0129,Manipur,Tamenglong,25.152472,93.673667,Debris,Debris,0.8227404801705579,Slide,1
NG/PHE/83K10/2017/18,Nagaland,Phek,25.600306,94.613222,Rock,Debris,0.8781922201888179,Slide,1
MIZ/KOL/2022/16,Mizoram,Kolasib,24.26297222,92.69216667,Earth,Rock,0.642032842011696,Slide,0
NL/KOH/83K02/2014/39,Nagaland,Kohima,25.56544,94.17208,Debris,Debris,0.9264600723690081,Slide,1
MEG/WKH/78O10/2016/11,Meghalaya,West Khasi Hills,25.568056,91.737944,Rock,Debris,0.8413607997071744,Slide,1
MN/CDL/83L04/2020/35,Manipur,Chandel,24.15,94.1,Rock,Rock,0.9610353589226358,Slide,0
MN/CCP/83E09/2020/1,Manipur,Churachandpur,24.0,93.55,Rock,Debris,0.8560422464410183,Slide,1
MZ/LUN/84A16/2018/5,Mizoram,Lunglei,23.094999,92.785835,Debris,Debris,0.7919701124792027,Slide,0
MN/UKH/83L01/2018/16,Manipur,Ukhrul,24.951444,94.179278,Debris,Debris,0.8623691452318473,Slide,1
MZ/CHA/84E05/2017/21,Mizoram,Champhai,23.935917,93.345642,Debris,Debris,0.869481018677885,Slide,0
NAG/KIP/83K13/2016/067,Nagaland,Kiphire,25.787211,94.834275,Debris,Debris,0.9800004168280343,Slide,0
SKM/NS/78A10/2017/173,Sikkim,North Sikkim,27.528722,88.600833,Debris,Debris,0.9329637529734212,Slide,1
NG/KOH/83K2/2015/167,Nagaland,Kohima,25.683,94.119,Debris,Debris,0.9701385152770494,Other,1
AP/WK/83E12/2008/A-9,Arunachal Pradesh,West Kameng,27.035278,92.610556,Debris,Debris,0.8750549492514089,Slide,0
MN/UKH/83L01/2018/32,Manipur,Ukhrul,24.911194,94.242111,Debris,Debris,0.8482639119378071,Slide,0
MN/UKH/83K11/2017/50,Manipur,Ukhrul,25.416,94.579028,Soil,Soil,0.614220857155559,Slide,0
MZ/CHA/84E06/2017/19,Mizoram,Champhai,23.541929,93.382376,Rock,Debris,0.7826753034262791,Slide,1
LS_ASM_DH_0402/2024,Assam,Dima Hasao,25.199617,92.997478,Debris,Debris,0.9482794853239896,Slide,1
NG/MON/83N2/2017/4,Nagaland,Mon,26.718556,95.033222,Soil,Debris,0.7065327951094872,Slide,0
ME/EKJ/78O15/2015/124,Meghalaya,East Khasi Hills,25.324889,91.943417,Debris,Debris,0.7317586259271807,Slide,0
NG/PHE/83K14/2017/46,Nagaland,Phek,25.602208,94.823292,Debris,Rock,0.7248933278269388,Slide,1
AR/ANJ/91D12/2014/27,Arunachal Pradesh,Anjaw,28.21483,96.53911,Debris,Debris,0.5177917092673309,Slide,1
ASM/WKA/83C09/2020/6,Assam,West Karbi Anglong,25.91936,92.50556,Earth,Debris,0.5637236452016692,Slide,1
MN/CDL/83L04/2020/33,Manipur,Chandel,24.15,94.1,Rock,Rock,0.9610353589226358,Slide,0
MIZ/AZL/2024/657,Mizoram,Aizawl,23.82638889,92.8325,Debris,Debris,0.871881212281198,Slide,0
NAG/TUE/83J15/2009/F-10,Nagaland,Tuensang,26.38778,94.82583,Rock,Debris,0.5570124810638064,Slide,0
ME/SWKH/78O07/2024/5,Meghalaya,South West Khasi Hills,25.29667,91.45986,Debris,Debris,0.9296191647881017,Slide,0
AR/EK/ 83A14/2020-21/14,Arunachal Pradesh,East Kameng,27.568778,92.966583,Debris,Debris,0.5199795593098148,Slide,1
MN/CDL/83L04/2020/9,Manipur,Chandel,24.06,94.04,Rock,Rock,0.9370817799559271,Slide,0
SKM/WS/78A08/2015/384,Sikkim,West Sikkim,27.200861,88.340861,Debris,Debris,0.9507505185022188,Slide,1
MIZ/AIZ/84A13/2016/1,Mizoram,Aizawl,23.849497,92.928202,Debris,Debris,0.8425700365724197,Flow,1
NG/MON/83N2/2017/14,Nagaland,Mon,26.72875,95.031194,Debris,Debris,0.7063071829199818,Slide,0
MZ/AZL/84A10/2024/060,Mizoram,Aizawl,23.62277778,92.72444444,Debris,Debris,0.937885626844839,Slide,0
MN/TAM/83H05/2018/100,Manipur,Tamenglong,24.842944,93.439972,Soil,Debris,0.8937192318782787,Slide,0
NG/PHE/83K10/2017/28,Nagaland,Phek,25.668417,94.543194,Debris,Debris,0.7495416916174542,Slide,1
MIZ/AZL/2024/423,Mizoram,Aizawl,23.53388889,92.69833333,Debris,Debris,0.9160305634385524,Other,0
NAG/WOKH/83J08/2015/0045,Nagaland,Wokha,26.182611,94.264861,Debris,Debris,0.49806792185073656,Subsidence,1
AP/LDV/82P16/2022/70,Arunachal Pradesh,Lower Dibang Valley,28.215926,95.799557,Rock,Rock,0.6326139161673593,Slide,1
AS/DIM/83C16/2017/05,Assam,Dima Hasao,25.216881,92.982245,Debris,Debris,0.6463979683447142,Slide,1
Sikkim/NK/78A10/2022/III,Sikkim,North Sikkim,27.54810833,88.60807778,Debris,Debris,0.8745391806148847,Slide,1
MAN/TAM/83G12/2017/0058,Manipur,Tamenglong,25.025472,93.537028,Rock,Debris,0.5308958929942643,Slide,1
NG/MON/83N2/2017/38,Nagaland,Mon,26.706194,95.110333,Debris,Debris,0.6843600153334428,Slide,0
NG/PHE/83K6/2015/302,Nagaland,Phek,25.601,94.31,Debris,Debris,0.8491760227207636,Slide,1
MZ/CHA/84E05/2017/20,Mizoram,Champhai,23.832916,93.301888,Debris,Debris,0.828756066304858,Slide,0
AR/WKG/83A07/2021/014,Arunachal Pradesh,West Kameng,27.278417,92.426917,Debris,Debris,0.9003705025080722,Slide,1
AS/DIM/83C16/2017/32,Assam,Dima Hasao,25.11297,92.95433,Soil,Debris,0.8005419506273056,Slide,1
MZ/CHA/84E08/2017/35,Mizoram,Champhai,23.136712,93.31485,Rock,Rock,0.5693063161581229,Slide,0
6787,Nagaland,Zunheboto,25.89751,94.463135,Soil,Debris,0.7798864682613399,Slide,0
NAG/ZUN/83K09/2016/111,Nagaland,Kiphire,25.969628,94.634169,Debris,Debris,0.9773620803857702,Slide,0
MZ/MAM/84A10/2015/153,Mizoram,Mamit,23.625444,92.614889,Rock,Rock,0.7515024605665555,Slide,1
MN/NON/83H05/2018/20,Manipur,Noney,24.83025,93.466972,Debris,Debris,0.817895715899932,Slide,0
NAG/ZUN/83J12/2016/0009,Nagaland,Zunheboto,26.011075,94.523236,Rock,Rock,0.731884116363217,Slide,1
MIZ/LUN/84A16/2025/173,Mizoram,Lunglei,23.082149,92.758285,Earth,Debris,0.7912416085713646,Slide,1
ME/RBH/78N16/2015/113,Meghalaya,Ri-Bhoi,26.08125,91.798278,Debris,Debris,0.7944717593349392,Slide,0
SK/ES/78 A11/DA-I,Sikkim,East Sikkim,27.33941667,88.60990556,Soil,Debris,0.9146389570692902,Slide,0
NG/KOH/83K2/2015/35,Nagaland,Kohima,25.677,94.081,Debris,Debris,0.9304369661581872,Slide,0
MIZ/AZL/2024/487,Mizoram,Aizawl,23.52555556,92.65333333,Debris,Debris,0.9489473956068354,Slide,0
NL/KOH/83K02/2014/38,Nagaland,Kohima,25.57086,94.17047,Debris,Debris,0.9296191961586884,Slide,1
SKM/SS/78A07/2015/290,Sikkim,South Sikkim,27.263194,88.377139,Debris,Debris,0.9570504636224152,Slide,1
MZ/AIZ/84A10/2015/222,Mizoram,Aizawl,23.746722,92.695972,Debris,Rock,0.8223339486260837,Slide,1
MIZ/AZL/2024/439,Mizoram,Aizawl,23.50694444,92.69638889,Debris,Debris,0.888792466209173,Slide,0
MAN/SEN/83K2/2015/194,Manipur,Senapati,25.523,94.135,Debris,Debris,0.9490147213183535,Other,1
MZ/SER/84A15/2016/9,Mizoram,Serchhip,23.282258,92.852377,Rock,Debris,0.6022654124234277,Slide,1
MIZ/AZL/2023/154,Mizoram,Aizawl,23.47405556,92.71008333,Debris,Debris,0.7420421574127412,Slide,0
NA/MOK/83J06/2020/27,Nagaland,Mokokchung,26.61,94.5,Debris,Debris,0.6496772921035192,Slide,0
NA/DIM/83G13/2020/46,Nagaland,Dimapur,25.79,93.78,Debris,Debris,0.4259433537268581,Slide,0
MN/PZL/83H03/2020/20,Manipur,Pherzawl,24.32,93.16,Debris,Debris,0.9548273888151951,Slide,1
NA/DIM/83G13/2020/12,Nagaland,Dimapur,25.77,93.82,Earth,Earth,0.5598750560395099,Slide,0
MN/NON/83H05/2018/70,Manipur,Noney,24.775167,93.440722,Debris,Debris,0.7353664875835897,Slide,0
MN/KAM/83L05/2018/74,Manipur,Kamjong,24.957303,94.473342,Debris,Debris,0.8741018787691776,Slide,1
NG/KOH/83K2/2015/101,Nagaland,Kohima,25.688,94.137,Rock,Debris,0.9486181973048095,Slide,1
MAN/SEN/83K03/2015/27,Manipur,Senapati,25.427231,94.048914,Debris,Debris,0.9571974941418036,Slide,0
MN/CHU/83H10/2018/86,Manipur,Churachandpur,24.543806,93.676528,Debris,Debris,0.9684159495477632,Slide,1
AR/CHNG/83M12/2022/059,Arunachal Pradesh,Changlang,27.190295,95.716317,Rock,Rock,0.9104087388834537,Fall,1
ME/EKJ/78O15/2015/72,Meghalaya,East Khasi Hills,25.338631,91.777559,Rock,Debris,0.6211179132334281,Slide,1
MZ/AIZ/83D16/2016/50,Mizoram,Aizawl,24.091664,92.796134,Rock,Rock,0.40479710341250125,Slide,0
MZ/LAW/84B10/2020/22,Mizoram,Lawngtlai,22.5,92.73,Debris,Debris,0.8297622537859722,Slide,1
MIZ/AZL/2022/45,Mizoram,Aizawl,23.72713889,92.7405,Other,Other,0.6762417254173959,Slide,0
MZ/AZL/84A10/2024/104,Mizoram,Aizawl,23.53083333,92.73055556,Debris,Debris,0.8537589440343228,Slide,0
MIZ/AZL/2024/556,Mizoram,Aizawl,23.46722222,92.74083333,Debris,Debris,0.9651901402687102,Other,0
NAG/WOK/83J/4/2016/0100,Nagaland,Wokha,26.008333,94.032333,Debris,Rock,0.621838213763727,Slide,0
MIZ/AZL/2024/253,Mizoram,Aizawl,23.76583333,92.71527778,Debris,Debris,0.6320230442563672,Slide,0
ASM/WKA/83C09/2016/17,Assam,West Karbi Anglong,25.81236,92.55156,Earth,Debris,0.6648101970866359,Slide,1
MZ/AIZ/84A11/2016/95,Mizoram,Aizawl,23.415165,92.722199,Rock,Rock,0.5058863283260149,Slide,1
MIZ/LUN/84A12/2025/074,Mizoram,Lunglei,23.18351,92.735641,Debris,Debris,0.6769226430105436,Slide,0
SKM/NS/78A15/2017/153,Sikkim,East Sikkim,27.364722,88.834917,Debris,Debris,0.9602286775687328,Slide,1
NG/PHE/83K2/2015/56,Nagaland,Phek,25.669,94.218,Debris,Debris,0.923209470263844,Slide,1
MZ/AIZ/83D16/2016/65,Mizoram,Aizawl,24.050391,92.775525,Rock,Rock,0.7293150501688291,Slide,0
ASM/DH/83G04/2022-23/015,Assam,Dima Hasao,25.16579,93.00948,Debris,Debris,0.9595082021674477,Slide,0
MZ/SER/84F01/2018/17,Mizoram,Serchhip,23.199879,93.00705,Debris,Debris,0.8882098627320267,Slide,1
MN/KAM/83L09/2017/11,Manipur,Kamjong,24.98025,94.613972,Soil,Debris,0.7521267229893432,Slide,0
NAG/ZUN/83K09/2016/139,Nagaland,Kiphire,25.972325,94.509267,Debris,Debris,0.9728892594264669,Slide,0
MIZ/AZL/2024/537,Mizoram,Aizawl,23.37083333,92.77333333,Debris,Debris,0.914457676578525,Slide,0
AS/UDA/83B01/2021/01,Assam,Udalguri,26.89074,92.12068,Debris,Debris,0.7745591580871946,Fall,0
MIZ/LUNG/84A12/2025/175,Mizoram,Lunglei,23.174558,92.612556,Earth,Debris,0.8386383091889132,Slide,0
MZ/SER/84A15/2024/157,Mizoram,Serchhip,23.31259,92.856415,Debris,Debris,0.8814447758213904,Slide,0
MIZ/KOL/2024/789,Mizoram,Kolasib,23.56238611,93.12376667,Earth,Debris,0.6391421853243124,Slide,0
NG/MON/83J14/2017/15,Nagaland,Mon,26.639167,94.989444,Debris,Debris,0.7421736201584815,Slide,1
NAG/TUN/83J16/2016/0029,Nagaland,Tuensang,26.236111,94.809694,Earth,Debris,0.6721147179488095,Slide,0
MIZ/AZL/2024/572,Mizoram,Aizawl,23.68305556,92.8575,Debris,Debris,0.9560996925720424,Slide,0
MIZ/AIZ/84A13/2016/26,Mizoram,Aizawl,23.885639,92.857861,Debris,Debris,0.60868536629501,Slide,1
AP/DV/82P15/2022/148,Arunachal Pradesh,Dibang Valley,28.448428,95.855303,Debris,Debris,0.9216178899004378,Slide,1
MZ/KOL/83D12/2016/9,Mizoram,Kolasib,24.030588,92.668422,Debris,Debris,0.5754896300704232,Slide,0
MZ/MAM/84A10/2015/162,Mizoram,Mamit,23.615139,92.594944,Rock,Rock,0.7474938049303501,Slide,0
MZ/CHA/84E02/2017/0086,Mizoram,Champhai,23.639272,93.066239,Soil,Soil,0.3814672244063842,Slide,1
NAG/KIP/83K13/2016/068,Nagaland,Kiphire,25.789933,94.849811,Debris,Debris,0.9659098913099665,Slide,0
MEGH/EKH/78O15/2008/D-49,Meghalaya,East Khasi Hills,25.364889,91.881,Rock,Rock,0.9468697058848327,Slide,0
ME/EKH/83C02/2015/162,Meghalaya,East Khasi Hills,25.746722,92.111139,Earth,Debris,0.5434990805982358,Slide,0
NG/PHE/83K2/2015/191,Nagaland,Phek,25.628,94.211,Debris,Debris,0.7435817761592405,Slide,1
MIZ/AZL/2024/476,Mizoram,Aizawl,23.53888889,92.6625,Debris,Debris,0.9810109886425442,Slide,0
MZ/SAI/84F03/2020/28,Mizoram,Saiha,22.45,93.09,Rock,Rock,0.731860058914338,Slide,1
MG/EKH/78O12/2017/1,Meghalaya,East Khasi Hills,25.243358,91.747094,Rock,Rock,0.7281164767355737,Slide,0
MIZ/KOL/2024/876,Mizoram,Kolasib,24.62604722,93.22583889,Debris,Debris,0.9153761059985707,Other,0
MIZ/AIZ/84A09/2016/52,Mizoram,Aizawl,23.852722,92.743306,Rock,Rock,0.9269235629299913,Fall,1
AR/WKG/83A07/2021/013,Arunachal Pradesh,West Kameng,27.277417,92.425278,Debris,Debris,0.9061057965044691,Slide,1
AP/E-Siang/82P8/2021/LS29,Arunachal Pradesh,Lower Dibang Valley,28.264888,95.550575,Rock,Rock,0.7005412723205312,Other,1
AS/KAR/83F11/2018/2,Assam,Karbi Anglong,26.3466,93.7356,Soil,Debris,0.5076645154930356,Slide,1
MIZ/AZL/2024/577,Mizoram,Aizawl,23.69305556,92.86055556,Debris,Debris,0.9044460727391843,Slide,0
ASM/DIM/83C15/2017/15,Assam,Dima Hasao,25.441757,92.907383,Earth,Earth,0.497551735184226,Slide,0
MZ/AZL/84A10/2024/079,Mizoram,Aizawl,23.70305556,92.72055556,Debris,Rock,0.5171003983000388,Other,1
MIZ/SER/84A11/2025/161,Mizoram,Serchhip,23.299806,92.694901,Debris,Debris,0.9672015630098508,Flow,1
MIZ/LUNG/84A12/2025/186,Mizoram,Lunglei,23.201843,92.579666,Debris,Debris,0.9197404693267899,Flow,1
MIZ/AZL/2024/579,Mizoram,Aizawl,23.71416667,92.85805556,Debris,Debris,0.9638130642885523,Slide,0
ME/EKJ/78O14/2015/49,Meghalaya,East Khasi Hills,25.630652,91.87886,Debris,Debris,0.7354310220975162,Slide,1
MZ/LAW/84B10/2020/38,Mizoram,Lawngtlai,22.74,92.52,Debris,Debris,0.8000636775318607,Slide,1
MIZ/AZL/2024/393,Mizoram,Aizawl,23.56361111,92.73277778,Debris,Debris,0.9209819429134491,Slide,0
SKM/SS/78A08/2015/201,Sikkim,South Sikkim,27.221778,88.390861,Debris,Debris,0.909524274865917,Slide,1
MIZ/KOL/2024/818,Mizoram,Kolasib,24.05823611,93.28901944,Debris,Debris,0.7759162757260649,Slide,0
ML-5B/2010,Meghalaya,Jaintia Hills,25.13561111,92.3805,Other,Other,0.9867584666060548,Other,0
AR/CHNG/92A07/2022/064,Arunachal Pradesh,Changlang,27.474408,96.408773,Debris,Debris,0.939238170200062,Slide,1
MZ/SER/84A15/2016/44,Mizoram,Serchhip,23.321864,92.859431,Rock,Debris,0.6488485248750461,Slide,0
MZ/AIZ/83H04/2017/8,Mizoram,Aizawl,24.019306,93.181274,Rock,Debris,0.7238362523547252,Slide,0
MIZ/KOL/2023/171,Mizoram,Kolasib,23.00461111,92.67744444,Rock,Debris,0.6329500116971424,Slide,0
MIZ/KOL/2024/739,Mizoram,Kolasib,24.60002222,93.37166389,Earth,Debris,0.6537993869276526,Slide,0
AR/EK/ 83A14/2020-21/18,Arunachal Pradesh,East Kameng,27.544667,92.958806,Debris,Debris,0.5490681951459552,Slide,1
MZ/AIZ/84E01/2017/84,Mizoram,Aizawl,23.794195,93.025055,Debris,Rock,0.5957937135011098,Slide,0
MZ/LUN/84B13/2018/51,Mizoram,Lunglei,22.846241,92.804893,Debris,Rock,0.6142171102959294,Slide,1
"Sikkim/ East District/
78A/11/2019/",Sikkim,East Sikkim,27.28081944,88.57090278,Debris,Debris,0.9316930685523442,Slide,1
MIZ/KOL/2023/160,Mizoram,Kolasib,23.05222222,92.67027778,Debris,Earth,0.5396837095482105,Slide,0
MIZ/LUNG/84A12/2025/039,Mizoram,Lunglei,23.182152,92.734299,Debris,Debris,0.7472028285140647,Slide,0
3310,Nagaland,Tseminyu,25.8816564,94.1902346,Rock,Rock,0.8399380304125701,Fall,0
MZ/LUN/84B13/2018/62,Mizoram,Lunglei,22.866318,92.776726,Debris,Debris,0.564666262278372,Slide,0
NAG/WOK/83J/4/2016/0029,Nagaland,Wokha,26.016528,94.171056,Debris,Debris,0.5423642217127732,Slide,1
MZ/LUN/84B05/2020/25,Mizoram,Lunglei,22.9,92.49,Rock,Debris,0.9651779535538654,Slide,1
NG/PER/83G14/2015/6,Nagaland,Peren,25.578,93.805,Debris,Debris,0.5126331336182677,Slide,1
MIZ/AZL/2023/147,Mizoram,Aizawl,23.54027778,92.70138889,Rock,Debris,0.8006581699319036,Slide,0
AP/PAP/83E12/2021/7,Arunachal Pradesh,Papum Pare,27.123139,93.702139,Debris,Debris,0.9274157360340916,Slide,0
3293,Arunachal Pradesh,Papum Pare,27.2858578,93.798472,Debris,Debris,0.9593896592644818,Slide,0
MEGH/WKH/78O06/2007/D-8,Meghalaya,West Khasi Hills,25.50335,91.28335,Rock,Debris,0.9491980909776214,Slide,0
Sikkim/NK/78A10/2022/II,Sikkim,North Sikkim,27.55314167,88.62179722,Debris,Debris,0.9019098313377893,Slide,1
AS/SON/83B09/2018/7,Assam,Sonitpur,26.93641,92.70308,Debris,Debris,0.9350467506491602,Slide,0
"AP/TAW/78M14-SE/2009-10/AR
1B",Arunachal Pradesh,Tawang,27.584639,91.860917,Debris,Debris,0.9080210023519856,Other,1
MEG/EJH/83C08/2022/01,Meghalaya,East Jaintia Hills,25.16400556,92.38702778,Debris,Debris,0.7684695971846381,Slide,0
MIZ/AZL/2024/350,Mizoram,Aizawl,23.62333333,92.78888889,Debris,Debris,0.5427521043269274,Slide,0
MZ/AIZ/84E01/2017/102,Mizoram,Aizawl,23.958944,93.022781,Debris,Debris,0.7993222574560035,Slide,0
MG/WKH/78O02/2017/51,Meghalaya,West Khasi Hills,25.537636,91.208528,Debris,Debris,0.7635433029324591,Slide,1
MZ/LAW/84B15/2018/32,Mizoram,Lawngtlai,22.363001,92.861,Rock,Rock,0.7254080233670619,Fall,1
AS/DIM/83G07/2017/8,Assam,Dima Hasao,25.435917,93.455944,Debris,Debris,0.8688942309605904,Slide,1
MZ/SAI/84F04/2020/7,Mizoram,Saiha,22.17,93.01,Debris,Debris,0.7036991947823127,Slide,0
MEG/RIB/83C1/2016/3,Meghalaya,Ri-Bhoi,25.970062,92.054889,Earth,Earth,0.5882190470899534,Slide,1
MZ/CHA/84E02/2017/8,Mizoram,Champhai,23.605611,93.08682,Debris,Rock,0.7198223728081331,Slide,1
MN/KAM/83L05/2018/11,Manipur,Kamjong,24.823296,94.358767,Debris,Debris,0.8727582502132643,Slide,1
AP/LS/83E09/2021/01,Arunachal Pradesh,Lower Subansiri,27.760917,93.995583,Rock,Debris,0.9493078256834506,Slide,0
MIZ/AZL/2024/269,Mizoram,Aizawl,23.67805556,92.76361111,Other,Debris,0.8575206018660397,Slide,0
AP/WK/78M14/2008/A-13,Arunachal Pradesh,West Kameng,27.512278,91.875556,Other,Debris,0.7536113561437896,Flow,1
NAG/KIP/83K13/2016/003,Nagaland,Kiphire,25.834436,94.795519,Debris,Debris,0.9781439060959216,Slide,0
MEG/WJH/83C4/2016/29,Meghalaya,West Jaintia Hills,25.214153,92.045428,Debris,Debris,0.918446075503211,Slide,1
ASM/KMP/78N16/2017/0004,Assam,Kamrup (Metro),26.17756,91.76589,Debris,Debris,0.7313960114929233,Slide,1
MIZ/AZL/2024/363,Mizoram,Aizawl,23.60138889,92.71888889,Debris,Debris,0.9446797489371953,Slide,0
MZ/CHA/84E01/2017/25,Mizoram,Champhai,23.803085,93.159225,Debris,Debris,0.6258991975109625,Slide,0
SKM/ES/78A11/2015/416,Sikkim,East Sikkim,27.340917,88.628389,Debris,Debris,0.9315882848345612,Slide,1
MZ/LUN/84B13/2018/93,Mizoram,Lunglei,22.899906,92.868828,Rock,Rock,0.8616298032250614,Fall,1
MIZ/AZL/2024/612,Mizoram,Aizawl,23.73027778,92.76861111,Debris,Debris,0.9213979559542465,Slide,0
MAN/TAM/83G12/2017/0045,Manipur,Tamenglong,25.158667,93.685222,Debris,Debris,0.8938530067054069,Slide,1
AR/ANJ/91D08/2014/16,Arunachal Pradesh,Anjaw,28.06006,96.44636,Debris,Debris,0.8091115941749304,Slide,1
MZ/CHA/84E08/2017/5,Mizoram,Champhai,23.207528,93.258861,Rock,Rock,0.9219709794505817,Fall,1
MG/EKH/78O16/2017/4,Meghalaya,East Khasi Hills,25.226751,91.754441,Debris,Debris,0.7242829706549577,Slide,1
MG/EKH/78O08/2017/2,Meghalaya,East Khasi Hills,25.216169,91.389142,Rock,Rock,0.7595869063829176,Slide,1
MZ/SER/84A15/2016/26,Mizoram,Serchhip,23.291063,92.860374,Debris,Debris,0.6158017153772688,Slide,1
SKM/NS/78A03/2017/06,Sikkim,West Sikkim,27.289861,88.084389,Debris,Debris,0.9482042336780638,Slide,1
AR/EK/ 83A14/2020-21/06,Arunachal Pradesh,East Kameng,27.568028,92.993944,Rock,Debris,0.7527296563320419,Slide,1
NG/NOK/83N04/2017/29,Nagaland,Noklak,26.169111,95.041361,Rock,Debris,0.6157221269243041,Other,0
MZ/AIZ/83D16/2016/80,Mizoram,Aizawl,24.061004,92.925342,Earth,Rock,0.576959805067556,Slide,1
SKM/NS/78A15/2017/162,Sikkim,East Sikkim,27.265389,88.788278,Debris,Debris,0.9649124506823717,Slide,1
MZ/CHA/84E03/2017/70,Mizoram,Champhai,23.383778,93.115972,Soil,Rock,0.5648368593136329,Slide,1
NG/MOK/83J10/2017/13,Nagaland,Mokokchung,26.697833,94.635056,Rock,Debris,0.6427134919933367,Slide,0
NAG/KOH/83K1/2016/123,Nagaland,Kohima,25.970083,94.213639,Earth,Debris,0.8687986034389414,Slide,0
MZ/LUN/84B13/2018/73,Mizoram,Lunglei,22.872849,92.748711,Debris,Debris,0.6463168429485595,Slide,1
AR/WKG/83A12/2021/006,Arunachal Pradesh,West Kameng,27.152417,92.561778,Debris,Debris,0.9293183032990425,Slide,1
MIZ/AZL/2024/243,Mizoram,Aizawl,23.73722222,92.71972222,Rock,Debris,0.8658731267229542,Slide,0
"AS/KAMRUP(M)/78N16/2014-
15/0004",Assam,Kamrup (Metro),26.18866667,91.76694444,Earth,Earth,0.9128880667716401,Flow,1
MEG/WKH/78O10/2016/24,Meghalaya,West Khasi Hills,25.6999,91.642192,Debris,Debris,0.9067044969640387,Slide,1
MZ/CHA/84E03/2017/28,Mizoram,Champhai,23.461083,93.205278,Debris,Rock,0.5214713160354565,Slide,1
MZ/CHA/84E08/2017/21,Mizoram,Champhai,23.150818,93.286358,Debris,Rock,0.49790131345087285,Slide,0
MZ/AIZ/84A14/2015/104,Mizoram,Aizawl,23.656556,92.964611,Rock,Rock,0.49883958708184617,Slide,1
MN/KAM/83L05/2018/26,Manipur,Kamjong,24.839028,94.357083,Debris,Debris,0.8569562489550714,Slide,1
MZ/AZL/84A10/2024/130,Mizoram,Aizawl,23.65416667,92.69,Debris,Debris,0.6833155097547151,Slide,1
MN/KAN/83L02/2018/11,Manipur,Kangpokpi,24.708417,94.198278,Debris,Debris,0.8321636937137598,Slide,1
NG/KOH/83K2/2015/209,Nagaland,Kohima,25.683,94.099,Debris,Debris,0.8874703972828162,Slide,0
MN/WEI/83H13/2020/1,Manipur,West Imphal,24.84,93.9,Debris,Rock,0.5241852965620598,Slide,0
AR/WKG/83A07/2021/015,Arunachal Pradesh,West Kameng,27.291528,92.391778,Debris,Debris,0.9640777444135769,Slide,1
MZ/CHA/84E03/2017/14,Mizoram,Champhai,23.424417,93.167306,Soil,Rock,0.4911785935644222,Slide,1
MZ/AIZ/83D16/2016/69,Mizoram,Aizawl,24.025094,92.769158,Rock,Debris,0.37406568570919724,Slide,0
MZ/CHA/84E02/2017/0081,Mizoram,Champhai,23.640693,93.084944,Rock,Debris,0.48939847472619136,Slide,1
SKM/ES/78A12/2015/132,Sikkim,East Sikkim,27.201875,88.667278,Debris,Debris,0.8978898539308864,Slide,1
SKM/ES/78A11/2015/407,Sikkim,East Sikkim,27.370861,88.683167,Debris,Debris,0.9549367239273359,Slide,1
MZ/SAI/84F03/2020/33,Mizoram,Saiha,22.49,93.01,Debris,Debris,0.71284273793497,Slide,0
MG/EKH/78O16/2017/6,Meghalaya,East Khasi Hills,25.205307,91.755686,Debris,Debris,0.9036126674123658,Slide,1
MZ/LAW/84B12/2020/37,Mizoram,Lawngtlai,22.25,92.62,Debris,Debris,0.9041577050421254,Slide,0
MG/EKH/78O12/2017/65,Meghalaya,East Khasi Hills,25.206885,91.740497,Debris,Debris,0.8968918872541213,Slide,1
AS/DIM/83G07/2017/58,Assam,Dima Hasao,25.436861,93.404583,Debris,Debris,0.6173504774462674,Slide,0
NG/MOK/83J10/2017/14,Nagaland,Mokokchung,26.698583,94.635167,Rock,Debris,0.7026041844917776,Slide,0
NAG/KIP/83J/4/2016/01,Nagaland,Kiphire,25.820689,94.767353,Debris,Debris,0.75902042435746,Slide,0
"SK/NS/78 A10/ 2021/Que Khola-
I",Sikkim,East Sikkim,27.236,88.75722222,Debris,Debris,0.9402871048729924,Slide,1
MIZ/KOL/2024/846,Mizoram,Kolasib,24.10641389,93.12339944,Debris,Debris,0.7011615173915352,Slide,0
SKM/ES/78A12/2015/116,Sikkim,East Sikkim,27.207264,88.672817,Debris,Debris,0.9224800250532152,Slide,1
MN/JRM/83H02/2020/21,Manipur,Jiribam,24.72,93.13,Debris,Debris,0.8276830675947637,Slide,1
AP/E-Siang/82P8/2021/LS5,Arunachal Pradesh,East Siang,28.099657,95.287831,Debris,Debris,0.8632528489784209,Slide,0
MN/CHA/83L03/2018/56,Manipur,Chandel,24.27705,94.070089,Debris,Debris,0.788833820166964,Slide,0
MZ/AIZ/83D16/2016/129,Mizoram,Aizawl,24.233808,92.978777,Earth,Debris,0.44492418970156417,Slide,0
AR/WS/83I13/2022/101,Arunachal Pradesh,West Siang,27.897361,94.844111,Rock,Debris,0.5173432047356078,Slide,1
MIZ/LUNG/84A12/2025/040,Mizoram,Lunglei,23.181806,92.736868,Earth,Debris,0.7713273739526487,Slide,0
MN/TAM/83H09/2018/22,Manipur,Tamenglong,24.986861,93.506028,Debris,Debris,0.5710763032399069,Slide,1
NAG/MOKH/83J08/2015/ 0095,Nagaland,Mokokchung,26.302778,94.505528,Rock,Debris,0.5967463446079572,Slide,1
NL/MOK/83J10/2014/06,Nagaland,Mokokchung,26.70675,94.70475,Earth,Debris,0.45335975312067334,Slide,1
SKM/WS/78A07/2015/365,Sikkim,West Sikkim,27.252167,88.272778,Rock,Rock,0.9275696966524966,Fall,1
NG/PHE/83K6/2015/333,Nagaland,Phek,25.625,94.345,Debris,Debris,0.8951511784289796,Slide,1
6864,Nagaland,Phek,25.822859,94.397974,Debris,Debris,0.8186901478049566,Slide,0
NL-09/2012-13,Nagaland,Kohima,25.68133333,94.20877778,Other,Other,0.9045844085327351,Other,0
AP/PAP/83E12/2021/70,Arunachal Pradesh,Papum Pare,27.22075,93.581167,Rock,Debris,0.8154652096210907,Slide,0
MIZ/SER/84A15/2025/114,Mizoram,Serchhip,23.300837,92.855693,Debris,Debris,0.7900206430454829,Slide,0
MN/NON/83H05/2018/61,Manipur,Noney,24.7585,93.459139,Debris,Debris,0.8927048876089796,Slide,0
MN/UKH/83L01/2018/41,Manipur,Ukhrul,24.839722,94.224944,Debris,Debris,0.8558131480499164,Slide,0
MZ/CHA/84E02/2017/19,Mizoram,Champhai,23.543891,93.232644,Debris,Debris,0.5902933951807484,Slide,1
MIZ/LUN/84A16/2025/190,Mizoram,Lunglei,23.047367,92.772849,Debris,Debris,0.9536080527055649,Slide,1
AP/E-Siang/82P8/2022/LS42,Arunachal Pradesh,Dibang Valley,28.763514,95.868872,Debris,Debris,0.8469988248550216,Slide,1
MIZ/AZL/2024/314,Mizoram,Aizawl,23.59638889,92.81583333,Earth,Debris,0.7423204064296932,Slide,0
MZ/AIZ/83D16/2016/42,Mizoram,Aizawl,24.036336,92.770846,Rock,Rock,0.6244590291615539,Slide,0
MZ/LUN/84A12/2018/48,Mizoram,Lunglei,23.196638,92.679802,Debris,Debris,0.6054156763914667,Subsidence,0
NAG/WOK/83J/4/2016/0056,Nagaland,Wokha,26.237861,94.205028,Debris,Debris,0.7621207419498676,Slide,1
MG/EKH/78O12/2017/20,Meghalaya,East Khasi Hills,25.217558,91.709355,Rock,Debris,0.5783046792722835,Slide,1
AR/LPD/82L12/2021/02,Arunachal Pradesh,Lepa Rada,28.013577,94.568456,Debris,Debris,0.9703017175015651,Slide,1
ME/EKJ/78O15/2015/78,Meghalaya,East Khasi Hills,25.613583,91.871778,Earth,Earth,0.6395754388880655,Slide,1
MEG/WJH/83C4/2016/13,Meghalaya,West Jaintia Hills,25.228472,92.187806,Debris,Debris,0.8416489253930469,Slide,1
MZ/AIZ/84A10/2015/182,Mizoram,Aizawl,23.71125,92.660167,Debris,Debris,0.733888536678689,Slide,1
MIZ/LUNG/84B13/2025/078,Mizoram,Lunglei,22.88042,92.821692,Debris,Debris,0.9043085380496299,Slide,1
MEG/WJH/83C4/2016/58,Meghalaya,East Jaintia Hills,25.044833,92.429333,Debris,Rock,0.5220364411569878,Slide,1
ME/EKH/83C02/2015/153,Meghalaya,East Khasi Hills,25.544506,92.102033,Rock,Debris,0.6270319007371878,Slide,1
AP/E-Siang/82P8/2022/LS40,Arunachal Pradesh,Dibang Valley,28.625114,95.852703,Debris,Debris,0.8782844925701241,Slide,1
MIZO/LUN/84B09/2005/E-5,Mizoram,Lunglei,22.851028,92.694972,Debris,Rock,0.6107138754946716,Fall,0
MZ/LUN/84B13/2018/90,Mizoram,Lunglei,22.898329,92.893478,Debris,Debris,0.6981057047674254,Slide,0
MIZO/LUN/84B13/2005/E-15,Mizoram,Lunglei,22.87075,92.75403,Debris,Debris,0.8004227464865018,Slide,0
MZ/LAW/84B16/2020/23,Mizoram,Saiha,22.19,92.98,Debris,Debris,0.9167503155989554,Slide,0
MG/WGH/78K06/2020/15,Meghalaya,West Garo Hills,25.56,90.34,Earth,Debris,0.9062320096502451,Slide,1
SKM/NS/78A15/2017/156,Sikkim,East Sikkim,27.3145,88.8365,Debris,Debris,0.9614015070529847,Slide,1
SK/ES/78 A11/SKIII,Sikkim,East Sikkim,27.25333333,88.53194444,Rock,Debris,0.8601988238273811,Slide,0
MN-34/2011,Manipur,Tamenglong,24.79083333,93.72333333,Rock,Other,0.6522146390676423,Slide,0
NAG/MOKH/83J08/2015/ 0096,Nagaland,Mokokchung,26.389556,94.616667,Rock,Rock,0.8174187762599434,Slide,0
ME/EKJ/78O15/2015/140,Meghalaya,East Khasi Hills,25.315176,91.923021,Rock,Rock,0.5139193039374276,Slide,1
MZ/AIZ/84A14/2015/113,Mizoram,Aizawl,23.654361,92.932389,Rock,Debris,0.5381151794615261,Slide,1
MN/TAM/83H05/2018/99,Manipur,Tamenglong,24.877417,93.460583,Rock,Debris,0.9007001718472935,Slide,0
MZ/AIZ/84A14/2015/108,Mizoram,Aizawl,23.704861,92.98575,Rock,Debris,0.5012815793080935,Slide,1
MN/TEN/83L03/2018/50,Manipur,Tengnoupal,24.492333,94.143361,Rock,Debris,0.6138401200637085,Slide,1
SKM/ES/78A12/2015/31,Sikkim,East Sikkim,27.238111,88.601528,Debris,Debris,0.9433029036460231,Slide,0
NG/TUE/83N3/2017/7,Nagaland,Tuensang,26.259083,95.085972,Rock,Debris,0.6535759574785687,Slide,1
MIZ/LUNG/84A12/2025/188,Mizoram,Lunglei,23.203107,92.577972,Debris,Debris,0.892692485817746,Flow,1
MIZ/KOL/2024/851,Mizoram,Kolasib,24.10743611,93.09532222,Debris,Earth,0.6956449930644909,Slide,0
AS/DIM/83G4/2015/19,Assam,Dima Hasao,25.123,93.034,Earth,Earth,0.9139053607285275,Slide,1
NL/KOH/83K02/2023/58,Nagaland,Kohima,25.85442778,94.15844444,Debris,Rock,0.5078344938587871,Slide,1
NL/WOK/83F16/2018/1,Nagaland,Wokha,26.0054,93.9794,Debris,Debris,0.9314949047862243,Slide,1
MIZ/AZL/2024/592,Mizoram,Aizawl,23.73361111,92.82388889,Debris,Debris,0.9301042178485441,Slide,0
MZ/SER/84F01/2018/13,Mizoram,Champhai,23.182417,93.246498,Debris,Debris,0.6678385389800507,Slide,1
AP/PAP/83E12/2021/68,Arunachal Pradesh,Papum Pare,27.210556,93.628556,Debris,Debris,0.8471628048940517,Slide,0
MZ/CHA/84E07/2017/14,Mizoram,Champhai,23.451972,93.259686,Debris,Rock,0.7542469096685652,Slide,0
AP/AW/91D8/2022/102,Arunachal Pradesh,Anjaw,28.080301,96.472247,Debris,Debris,0.799255951745857,Slide,1
MN/UKH/83L01/2018/17,Manipur,Ukhrul,24.989944,94.233611,Debris,Debris,0.6313954845229698,Slide,1
MZ/AIZ/83D16/2016/52,Mizoram,Aizawl,24.09176,92.803968,Earth,Earth,0.46711905868186077,Slide,0
MIZ/LUN/84A16/2025/162,Mizoram,Lunglei,23.099615,92.752199,Earth,Earth,0.5913722080609832,Slide,1
MIZ/AZL/2024/767,Mizoram,Aizawl,23.0983,93.17597222,Debris,Debris,0.9673553759352823,Slide,0
MN/JRM/83H02/2020/4,Manipur,Jiribam,24.74,93.16,Rock,Debris,0.7809200586438276,Slide,1
MN/KAM/83L05/2018/7,Manipur,Kamjong,24.798077,94.406137,Rock,Debris,0.7596251085660422,Slide,1
MZ/CHA/84E07/2017/63,Mizoram,Champhai,23.351115,93.296893,Rock,Rock,0.6120287510878242,Slide,0
AP/E-Siang/82P8/2021/LS1,Arunachal Pradesh,East Siang,28.093514,95.272526,Earth,Debris,0.8364629325583116,Slide,1
AS/DIM/83C16/2017/09,Assam,Dima Hasao,25.078935,92.95379,Debris,Debris,0.8308551801497037,Slide,1
AP/PAP/83E12/2021/71,Arunachal Pradesh,Papum Pare,27.223667,93.580417,Debris,Debris,0.7710946327991249,Slide,1
NAG/TUE/83J15/2009/F-11,Nagaland,Tuensang,26.38778,94.82583,Debris,Debris,0.5881208972433007,Slide,1
MZ/LAW/84B11/2020/54,Mizoram,Lawngtlai,22.43,92.71,Rock,Debris,0.6433272495716617,Slide,0
MIZ/SER/84A15/2025/099,Mizoram,Serchhip,23.317543,92.858683,Debris,Debris,0.8917347285376828,Slide,0
SKM/NS/78A10/2017/215,Sikkim,North Sikkim,27.723611,88.550472,Debris,Debris,0.9754601504481232,Slide,1
ASM/DH/83G4/2016/44,Assam,Dima Hasao,25.14525,93.029167,Debris,Debris,0.8308507679928343,Slide,0
MIZ/SER/84A11/2025/160,Mizoram,Serchhip,23.300291,92.69577,Debris,Debris,0.9689325821035489,Flow,1
MZ/AZL/84A10/2024/108,Mizoram,Aizawl,23.56416667,92.70805556,Debris,Debris,0.94688752038446,Slide,0
NG/PRN/83G07/2017/9,Nagaland,Peren,25.40975,93.475944,Debris,Debris,0.7375911765715697,Slide,1
MZ/AIZ/84E01/2017/76,Mizoram,Aizawl,23.966249,93.041115,Rock,Rock,0.5617393221000931,Slide,0
MEG/WKH/78O10/2016/25,Meghalaya,West Khasi Hills,25.660539,91.635431,Earth,Debris,0.5230841987420903,Slide,1
MN/TAM/83H05/2018/26,Manipur,Tamenglong,24.890333,93.466667,Debris,Debris,0.9164894985935413,Slide,0
MN/NON/83H10/2018/43,Manipur,Noney,24.724406,93.514431,Debris,Debris,0.9201671899144795,Slide,1
NG/PHE/83K14/2017/61,Nagaland,Phek,25.604444,94.76,Rock,Debris,0.8849554057483108,Slide,1
MIZ/AZL/2024/446,Mizoram,Aizawl,23.54972222,92.70361111,Debris,Debris,0.9831857249708151,Slide,0
MIZ/AZL/2022/62,Mizoram,Aizawl,23.71951,92.72357,Other,Debris,0.6084254239823695,Subsidence,0
MZ/LUN/84B05/2020/23,Mizoram,Lunglei,22.9,92.48,Debris,Debris,0.9509401486263567,Slide,1
SKM/SS/78A07/2015/291,Sikkim,South Sikkim,27.28425,88.370056,Debris,Debris,0.9617397369704445,Slide,1
NG/TUE/83J15/2017/45,Nagaland,Tuensang,26.410556,94.961944,Debris,Debris,0.8355609708315503,Slide,1
MN/TEN/83L03/2018/80,Manipur,Tengnoupal,24.408672,94.245139,Debris,Debris,0.7046678393598503,Slide,1
TR/NTR/84D08/2015/35,Tripura,North Tripura,24.031139,92.2535,Debris,Debris,0.7291767231124376,Slide,1
MN-33/2011,Manipur,Tamenglong,24.985,93.52113889,Earth,Other,0.5955374362977096,Slide,0
NG/KOH/83K2/2015/146,Nagaland,Phek,25.684,94.246,Debris,Debris,0.8632270502763951,Slide,0
AS/KAR/83F08/2018/5,Assam,Karbi Anglong,26.3287,93.269194,Soil,Soil,0.6511420876875782,Slide,0
MG/EJH/83C11/2018/3,Meghalaya,East Jaintia Hills,25.35465,92.5735,Debris,Rock,0.5987651932707435,Slide,1
SKM/NS/78A11/2015/82,Sikkim,North Sikkim,27.395556,88.517528,Rock,Debris,0.8736294174457371,Slide,1
MZ/AIZ/84A10/2014/04,Mizoram,Aizawl,23.6995,92.71617,Debris,Rock,0.8508044872214876,Slide,1
NAG/WOKH/83J08/2015/0025,Nagaland,Wokha,26.088361,94.264222,Rock,Rock,0.6692919690709258,Slide,1
MN/TEN/83L07/2018/3,Manipur,Tengnoupal,24.264333,94.283806,Debris,Debris,0.8422440282824843,Slide,1
MIZ/SER/84A11/2025/157,Mizoram,Serchhip,23.307135,92.707624,Debris,Debris,0.97347270359566,Flow,1
MG/WKH/78O02/2017/77,Meghalaya,West Khasi Hills,25.6466,91.157592,Debris,Debris,0.8688609221547937,Slide,1
AP/LEP/83I09/2021/88,Arunachal Pradesh,Lepa Rada,27.909278,94.736111,Debris,Debris,0.723442862268424,Slide,1
MIZ/AZL/2024/387,Mizoram,Aizawl,23.5625,92.70777778,Debris,Debris,0.9760057086000424,Slide,0
MZ/CHA/84E01/2017/6,Mizoram,Champhai,23.885195,93.202332,Rock,Debris,0.6626328375701981,Slide,0
NAG/KIPH/83K13/2009/F-8,Nagaland,Tuensang,25.88667,94.78639,Other,Other,0.7382255161390449,Flow,0
MN/UKH/83K11/2017/8,Manipur,Ukhrul,25.319389,94.50425,Soil,Soil,0.7972479763578914,Slide,0
MG/WKH/78K14/2018/2,Meghalaya,West Khasi Hills,25.552992,90.814503,Debris,Soil,0.7185866012738977,Slide,1
MZ/LAW/84B10/2020/24,Mizoram,Lawngtlai,22.63,92.64,Debris,Debris,0.8330719797072406,Slide,0
5774,Nagaland,Peren,25.552544,93.732253,Debris,Debris,0.6113358934094933,Slide,0
NG/PHE/83K14/2017/14,Nagaland,Phek,25.568528,94.784806,Debris,Debris,0.8860495121145984,Slide,1
MIZ/SER/84A15/2025/117,Mizoram,Serchhip,23.30554,92.854877,Debris,Debris,0.8083876614871779,Slide,0
MIZ/AZL/2024/272,Mizoram,Aizawl,23.69805556,92.72277778,Debris,Debris,0.8082999403091479,Slide,0
MG/WKH/78O02/2017/80,Meghalaya,West Khasi Hills,25.660275,91.144308,Soil,Debris,0.5973908539212246,Slide,1
MIZ/LUNG/84A12/2025/195,Mizoram,Lunglei,23.207082,92.509726,Debris,Debris,0.9014359442025088,Slide,1
NG/MON/83N2/2017/15,Nagaland,Mon,26.728167,95.029889,Soil,Debris,0.6693300960659778,Slide,0
MN/UKH/83K12/2017/2,Manipur,Ukhrul,25.181722,94.504917,Soil,Debris,0.6319261926514066,Slide,0
NG/MON/83N01/2017/16,Nagaland,Mon,26.768833,95.086194,Debris,Debris,0.5895006728119856,Slide,0
ML-93/2011,Manipur,West Khasi Hills,25.67341667,91.06625,Other,Other,0.5961050039752587,Other,0
NL/PER/83G14/2023/21,Nagaland,Peren,25.60711616,93.92787222,Rock,Debris,0.4961119118954159,Slide,1
AS/SON/83B13/2018/1,Assam,Sonitpur,26.92216,92.7678,Debris,Debris,0.9446547139529645,Slide,0
MIZ/AIZ/84A09/2016/81,Mizoram,Aizawl,23.790132,92.672097,Rock,Debris,0.6483215212610128,Slide,0
7102,Arunachal Pradesh,Kamle,27.763,94.037,Rock,Debris,0.7192114636941159,Slide,0
AR/WSI/82L15/2022/53,Arunachal Pradesh,West Siang,28.2823,94.863031,Debris,Debris,0.8816233944329037,Slide,1
MZ/LAW/84B12/2020/17,Mizoram,Lawngtlai,22.18,92.61,Rock,Rock,0.6381158141130793,Slide,0
MZ/MAM/84A10/2015/131,Mizoram,Mamit,23.710278,92.558056,Rock,Debris,0.6378109646793431,Slide,1
6872,Nagaland,Phek,25.824828,94.397388,Debris,Debris,0.8175743890631784,Slide,0
MZ/CHA/84E03/2017/74,Mizoram,Champhai,23.325028,93.092333,Debris,Debris,0.49172479229663746,Slide,1
AR/CHNG/83M12/2022/054,Arunachal Pradesh,Changlang,27.1448,95.742566,Debris,Debris,0.9255753211868648,Slide,1
MZ/SAI/84F04/2020/9,Mizoram,Saiha,22.17,93.01,Debris,Debris,0.7036991947823127,Slide,0
MZ/AIZ/84E01/2017/53,Mizoram,Aizawl,23.785444,93.024612,Soil,Debris,0.5085468909943198,Slide,0
AS/JOR/83J06/2020/12,Assam,Jorhat,26.6,94.35,Earth,Rock,0.6487784744818802,Slide,0
AP/E-Siang/82P8/2022/LS52,Arunachal Pradesh,East Siang,28.142304,95.288126,Debris,Debris,0.9548721171175376,Slide,1
MZ/LAW/84B11/2020/57,Mizoram,Lawngtlai,22.46,92.69,Rock,Rock,0.516356769486004,Slide,0
MN/NON/83H09/2018/62,Manipur,Noney,24.890167,93.707572,Debris,Debris,0.9088044643629808,Slide,1
MZ/CHA/84E01/2017/3,Mizoram,Champhai,23.860361,93.203804,Rock,Debris,0.7671151589739351,Slide,1
MZ/CHA/84E06/2017/28,Mizoram,Champhai,23.659891,93.349052,Debris,Debris,0.8885812361999609,Slide,1
NG/PHE/83K6/2015/332,Nagaland,Phek,25.559,94.251,Rock,Debris,0.7995597023244617,Slide,0
AR/USI/82L13/2022/42,Arunachal Pradesh,Upper Siang,28.779408,94.859327,Debris,Debris,0.973435121598776,Slide,1
SK- 24/2011,Sikkim,West District,27.29166667,88.22,Debris,Debris,0.8308187070820379,Other,1
SKM/NS/78A11/2015/80,Sikkim,North Sikkim,27.378444,88.541667,Rock,Rock,0.9854462939377215,Fall,1
SKM/NS/78A11/2015/02,Sikkim,North Sikkim,27.374583,88.542333,Debris,Debris,0.8058211207361339,Slide,1
SKM/ES/78A12/2015/112,Sikkim,East Sikkim,27.204556,88.647222,Debris,Debris,0.9354369600100947,Slide,1
AP/DV/82P15/2022/146,Arunachal Pradesh,Dibang Valley,28.454481,95.854029,Debris,Debris,0.961078933855192,Slide,1
MIZ/AZL/2023/109,Mizoram,Aizawl,24.20083333,92.985,Debris,Debris,0.797690826028373,Slide,0
MZ/AIZ/84A10/2015/216,Mizoram,Aizawl,23.741389,92.739528,Debris,Debris,0.5607937278219758,Slide,1
NL/WOK/83F16/2018/2,Nagaland,Wokha,26.0051,93.9795,Debris,Debris,0.9246478922521693,Slide,1
MN/KAN/83L02/2018/8,Manipur,Kangpokpi,24.700278,94.197611,Debris,Debris,0.8936989313545805,Slide,1
MIZ/AZL/2023/133,Mizoram,Aizawl,23.35516667,92.76991667,Debris,Debris,0.5970100659057569,Slide,0
MIZ/AZL/84A15/2025/017,Mizoram,Aizawl,23.367366,92.767304,Rock,Debris,0.8583541346686266,Slide,1
MN/TEN/83L03/2018/17,Manipur,Tengnoupal,24.456464,94.226856,Debris,Debris,0.7300748321039986,Slide,0
NAG/KOH/83K1/2016/075,Nagaland,Kohima,25.832333,94.073306,Debris,Debris,0.8905922590611852,Slide,0
MG/EGH/78K14/2018/5,Meghalaya,East Garo Hills,25.635556,90.807778,Soil,Soil,0.5764927816912911,Slide,0
MN/UKH/83L01/2018/6,Manipur,Ukhrul,24.940972,94.151528,Soil,Debris,0.6810115669367103,Slide,1
AR/EAK/84E03/2025/14,Arunachal Pradesh,East Kameng,27.296928,93.088111,Debris,Debris,0.9799627911991595,Slide,1
NG/KOH/83K2/2015/138,Nagaland,Kohima,25.675,94.075,Debris,Debris,0.937675359141155,Subsidence,1
6892,Meghalaya,South West Khasi Hills,25.39295833,91.55163333,Debris,Debris,0.9123451780942468,Slide,1
NAG/ZUN/83K09/2016/129,Nagaland,Kiphire,25.971736,94.576933,Rock,Debris,0.9728977518049773,Slide,0
MAN/TAM/83G12/2017/0101,Manipur,Tamenglong,25.116,93.643278,Debris,Debris,0.9362281608738655,Slide,1
SKM/SS/78A08/2015/250,Sikkim,South Sikkim,27.105972,88.444556,Debris,Debris,0.9674087019738031,Subsidence,1
MAN/KAN/83G16/2017/02,Manipur,Kangpokpi,25.13109,93.97215,Earth,Debris,0.8316957670892379,Subsidence,1
AP/E-Siang/82P8/2021/LS19,Arunachal Pradesh,East Siang,28.14005,95.266592,Debris,Debris,0.8193418770982117,Slide,1
MZ/CHA/84E02/2017/0089,Mizoram,Champhai,23.635122,93.065289,Soil,Debris,0.533340619139107,Slide,1
MZ/CHA/84E01/2017/41,Mizoram,Champhai,23.866138,93.222809,Debris,Debris,0.6856920450822572,Slide,1
NG/KOH/83K2/2015/227,Nagaland,Kohima,25.565,94.138,Debris,Debris,0.9576528432608079,Other,1
MG/EGH/78K14/2018/4,Meghalaya,East Garo Hills,25.716594,90.822539,Soil,Debris,0.7153228431885765,Slide,0
MIZ/LUN/84A12/2025/116,Mizoram,Lunglei,23.143591,92.749751,Rock,Debris,0.7852108610832955,Slide,1
MN/JRM/83H02/2020/3,Manipur,Jiribam,24.74,93.15,Rock,Debris,0.4689216544723355,Slide,0
MZ/CHA/84E03/2017/57,Mizoram,Champhai,23.341333,93.080056,Debris,Debris,0.726132704813975,Slide,1
AP/LDV/82P16/2022/28,Arunachal Pradesh,Lower Dibang Valley,28.243322,95.921911,Rock,Rock,0.6777681869158818,Slide,1
MIZ/AZL/2022/54,Mizoram,Aizawl,23.73055556,92.71527778,Debris,Debris,0.4606775247293972,Slide,0
SKM/ES/78A12/2015/133,Sikkim,East Sikkim,27.201278,88.665381,Debris,Debris,0.8760406717477568,Slide,1
MZ/LUN/84B10/2020/81,Mizoram,Lunglei,22.65,92.71,Debris,Debris,0.9677430154964355,Slide,1
NG/MON/83N2/2017/2,Nagaland,Mon,26.728556,95.031944,Debris,Debris,0.7049111961428806,Slide,0
ME/EKJ/78O15/2015/68,Meghalaya,East Khasi Hills,25.408236,91.778704,Debris,Debris,0.6303311891838366,Slide,1
MIZ/AZL/84A15/2025/018,Mizoram,Aizawl,23.353485,92.780193,Debris,Debris,0.8957035043900076,Slide,1
MG/EKH/78O12/2017/37,Meghalaya,East Khasi Hills,25.224417,91.689893,Debris,Rock,0.7940814723564256,Slide,1
MN/CHA/83H15/2018/1,Manipur,Chandel,24.340028,93.977472,Rock,Debris,0.7559656449428815,Slide,0
MEG/WJH/83C4/2016/14,Meghalaya,West Jaintia Hills,25.206972,92.208028,Debris,Debris,0.9093956077101487,Slide,1
MG/WGH/78K06/2020/11,Meghalaya,West Garo Hills,25.65,90.38,Debris,Debris,0.9442852876291127,Slide,1
MAN/TAM/83H05/2008/C-19,Manipur,Tamenglong,24.83278,93.46333,Debris,Debris,0.6995533538925619,Slide,1
MG/EKH/78O11/2017/15,Meghalaya,East Khasi Hills,25.331209,91.67737,Rock,Rock,0.6739318897494498,Slide,1
MZ/LUN/84B13/2018/72,Mizoram,Lunglei,22.872238,92.750557,Rock,Rock,0.9395801459527134,Fall,1
AS/KRP/78N16/2018/003,Assam,Kamrup,26.195306,91.765639,Debris,Debris,0.5664098303430859,Slide,0
ASM/DH/83G04/2022-23/030,Assam,Dima Hasao,25.177416,93.00975,Debris,Debris,0.9115542176490432,Slide,0
6801,Manipur,Noney,24.794493,93.652745,Debris,Debris,0.9604172768561854,Slide,1
AR/ANJ/91D11/2014/30,Arunachal Pradesh,Anjaw,28.27378,96.57031,Debris,Rock,0.6458243653595782,Slide,1
MN/NON/83H10/2024/02,Manipur,Noney,24.8587,93.61439,Debris,Debris,0.8081681195888752,Slide,0
MIZ/AZL/2024/772,Mizoram,Aizawl,23.25951944,93.15917222,Debris,Debris,0.9483587932769704,Other,0
MG/WKH/78O03/2017/8,Meghalaya,West Khasi Hills,25.436875,91.06105,Debris,Debris,0.9473947304943167,Slide,1
NA/DIM/83G13/2020/28,Nagaland,Dimapur,25.78,93.93,Debris,Debris,0.8315770440366516,Slide,1
MZ/LAW/84B12/2020/33,Mizoram,Lawngtlai,22.15,92.63,Debris,Debris,0.9548180529165308,Slide,1
NG/MOK/83J10/2017/7,Nagaland,Mokokchung,26.556861,94.680944,Rock,Rock,0.7083171852602572,Slide,1
AS/DIH/83G08/2020/10,Assam,Dima Hasao,25.22,93.34,Debris,Debris,0.865818115763943,Slide,1
AR/US/82P02/2022/066,Arunachal Pradesh,Upper Siang,28.605528,95.105528,Debris,Debris,0.9318012485083439,Slide,1
MZ/AIZ/84E02/2017/0002,Mizoram,Aizawl,23.65701389,93.02799167,Rock,Rock,0.6301859495290972,Slide,1
NL/KOH/83K01/2014/49,Nagaland,Kohima,25.83986,94.15528,Debris,Debris,0.7208243842397323,Slide,1
MZ/AZL/84A14/2024/142,Mizoram,Aizawl,23.73638889,92.79805556,Earth,Debris,0.7864771888350464,Slide,0
MIZ/AZL/2024/620,Mizoram,Aizawl,23.73388889,92.79388889,Debris,Debris,0.920842626215651,Slide,0
MIZ/AIZ/84A13/2016/36,Mizoram,Aizawl,23.819269,92.826983,Debris,Debris,0.7911887509801202,Slide,0
ME/EKJ/78O14/2015/10,Meghalaya,East Khasi Hills,25.571256,91.825464,Rock,Debris,0.8679351195286682,Slide,0
AP/SU/83I01/2021/13,Arunachal Pradesh,Shi-Yomi,27.979306,94.228528,Debris,Debris,0.9458088614374065,Slide,0
MZ/LUN/84B13/2018/69,Mizoram,Lunglei,22.87056,92.822105,Rock,Rock,0.5102721856965513,Slide,1
MZ/LUN/84A12/2018/21,Mizoram,Lunglei,23.011667,92.720558,Rock,Debris,0.6454612874877618,Slide,1
MG/SWK/78O04/2017/7,Meghalaya,South West Khasi Hills,25.191366,91.040468,Rock,Debris,0.5495290600227709,Slide,1
AP/EK/83E03/2021/16,Arunachal Pradesh,East Kameng,27.302389,93.055833,Debris,Soil,0.4770715238331796,Slide,1
NAG/MOKH/83J08/2015/ 0105,Nagaland,Mokokchung,26.428,94.668611,Rock,Rock,0.8386823521213175,Slide,0
NAG/ZUN/83K09/2016/051,Nagaland,Kiphire,25.767683,94.709381,Debris,Debris,0.9691049982405082,Slide,0
MG/SGH/78K11/2018/1,Meghalaya,South Garo Hills,25.39466,90.69083,Debris,Debris,0.9001470390620355,Slide,1
MN/TEN/83L03/2018/16,Manipur,Tengnoupal,24.4588,94.223469,Rock,Debris,0.6938437750914443,Slide,0
ME/EKJ/78O15/2015/130,Meghalaya,East Khasi Hills,25.326063,91.931808,Debris,Debris,0.6843640718700769,Slide,1
MN/CDL/83L04/2020/50,Manipur,Chandel,24.09,94.03,Rock,Rock,0.977539640707603,Slide,0
MZ/LUN/84B13/2018/61,Mizoram,Lunglei,22.865692,92.825745,Rock,Rock,0.4984181907805864,Slide,0
MEG/WJH/83C4/2016/127,Meghalaya,East Jaintia Hills,25.274,92.373944,Debris,Debris,0.8500706936541268,Slide,1
AP/DV/82P15/2022/139,Arunachal Pradesh,Dibang Valley,28.472966,95.857242,Debris,Debris,0.9215614600579368,Slide,1
MZ/AIZ/83D16/2016/55,Mizoram,Aizawl,24.125996,92.805874,Debris,Debris,0.6456194287813836,Slide,0
AP/E-Siang/82P8/2022/LS47,Arunachal Pradesh,East Siang,28.094144,95.282568,Earth,Debris,0.9070643580527853,Slide,1
MIZ/AIZ/84A13/2016/126,Mizoram,Aizawl,23.859417,92.917333,Debris,Debris,0.7640496241520897,Slide,0
AS/KAR/83F06/2018/4,Assam,Karbi Anglong,26.59041,93.47616,Debris,Debris,0.855446767222928,Slide,0
MZ/LAW/84B11/2020/22,Mizoram,Lawngtlai,22.34,92.74,Debris,Debris,0.9358241250317912,Slide,1
AS/DIM/83G07/2017/43,Assam,Dima Hasao,25.402333,93.407583,Soil,Debris,0.8549232099981116,Slide,1
NG/MON/83J14/2017/21,Nagaland,Mon,26.542778,94.944167,Debris,Debris,0.5547093343578385,Slide,1
MIZ/KHAW/84E08/2025/231,Mizoram,Khawzawl,23.14788,93.323791,Debris,Debris,0.8429137594085633,Slide,0
MZ/LUN/84B13/2018/117,Mizoram,Lunglei,22.9634,92.737465,Debris,Debris,0.7838476935715794,Slide,0
AR/WKG/83A12/2021/004,Arunachal Pradesh,West Kameng,27.105083,92.555222,Debris,Debris,0.9414734706610794,Slide,1
MZ/SAI/84F04/2020/6,Mizoram,Saiha,22.18,93.01,Debris,Debris,0.9373663331981416,Slide,0
AS/DIM/83G07/2017/18,Assam,Dima Hasao,25.443417,93.421444,Debris,Debris,0.9105093788105008,Slide,1
SKM/SS/78A08/2015/300,Sikkim,South Sikkim,27.175778,88.402417,Debris,Rock,0.5197443945846822,Slide,1
SKM/SS/78A08/2015/282,Sikkim,South Sikkim,27.163556,88.458833,Debris,Debris,0.9511277496824224,Slide,1
AP/E-Siang/82P8/2022/LS37,Arunachal Pradesh,Lower Dibang Valley,28.26986,95.610757,Debris,Debris,0.9244582987187503,Slide,1
MZ/LAW/84B10/2020/1,Mizoram,Lawngtlai,22.5,92.75,Rock,Debris,0.6361820900303891,Slide,1
MZ/LUN/84A16/2018/76,Mizoram,Lunglei,23.018612,92.920555,Rock,Debris,0.7744093105153107,Slide,1
MN/CDL/83L04/2020/79,Manipur,Chandel,24.18,94.07,Earth,Rock,0.6878930411181202,Slide,0
MIZ/AZL/2024/461,Mizoram,Aizawl,23.53805556,92.69388889,Debris,Debris,0.9134238477579237,Slide,0
MZ/SER/84F01/2018/4,Mizoram,Serchhip,23.08989,93.020531,Rock,Rock,0.5728027110424354,Slide,1
MZ/CHA/84E07/2017/62,Mizoram,Champhai,23.296,93.340556,Soil,Debris,0.5095524087573052,Slide,1
ME/EKJ/78O15/2015/70,Meghalaya,East Khasi Hills,25.452164,91.819054,Debris,Debris,0.8025289808415625,Slide,1
MIZ/AZL/84A11/2025/009,Mizoram,Aizawl,23.47,92.7215,Debris,Debris,0.8855949646364142,Slide,1
NG/PHE/83K6/2015/317,Nagaland,Phek,25.706,94.468,Debris,Debris,0.9420092497691827,Slide,0
NG/PHE/83K14/2017/74,Nagaland,Phek,25.737289,94.787844,Debris,Debris,0.8151215226228373,Slide,1
MZ/CHA/84E05/2017/12,Mizoram,Champhai,23.901638,93.278641,Debris,Rock,0.5051128181849378,Slide,1
MG/EKH/78O12/2017/2,Meghalaya,East Khasi Hills,25.223769,91.740164,Debris,Debris,0.604713107926526,Slide,1
MZ/SAI/84F04/2020/15,Mizoram,Saiha,22.15,93.01,Debris,Debris,0.9234285989275102,Slide,0
MZ/KOL/83D15/2020/14,Mizoram,Kolasib,24.37,92.78,Earth,Debris,0.6838853422187983,Slide,1
MN/CDL/84I01/2020/5,Manipur,Chandel,23.98,94.03,Rock,Rock,0.9731386053051191,Slide,1
MN/KAM/83L09/2017/30,Manipur,Kamjong,24.948056,94.534778,Soil,Debris,0.5975144223306768,Slide,0
MN/CDL/84I01/2020/8,Manipur,Chandel,23.98,94.03,Rock,Rock,0.9834785465441924,Slide,0
MZ/AIZ/83D16/2016/113,Mizoram,Aizawl,24.218066,92.951214,Earth,Earth,0.5442535460261683,Slide,0
ME/EKJ/78O14/2015/24,Meghalaya,East Khasi Hills,25.708426,91.896406,Debris,Debris,0.7866403878806356,Slide,1
5764,Nagaland,Zunheboto,26.03145,94.595353,Debris,Soil,0.5904575150393133,Slide,0
NG/MON/83N2/2017/47,Nagaland,Mon,26.550528,95.099583,Rock,Debris,0.904651252931564,Slide,1
MIZ/KOL/2024/800,Mizoram,Kolasib,23.05209722,93.12644167,Debris,Debris,0.8491125916124834,Slide,0
NL/KOH/83K02/2014/21,Nagaland,Kohima,25.72739,94.10103,Debris,Debris,0.9547357893211207,Slide,0
ARN/TWNG/78M14/2016/0015,Arunachal Pradesh,Tawang,27.561083,91.911528,Debris,Debris,0.8359881266414363,Slide,0
ME/EKJ/78O14/2015/23,Meghalaya,East Khasi Hills,25.695552,91.903777,Debris,Debris,0.8033655355719703,Slide,1
MIZ/AZL/2024/258,Mizoram,Aizawl,23.6975,92.72527778,Debris,Debris,0.8956167573737377,Slide,0
MIZ/AZL/2024/854,Mizoram,Aizawl,23.24500833,93.17587222,Debris,Debris,0.9410493707859475,Slide,0
NL/PER/83G11/2022/041,Nagaland,Peren,25.569543,93.736,Rock,Debris,0.5612742590390458,Slide,1
MZ/SAI/84F04/2020/11,Mizoram,Saiha,22.15,93.01,Debris,Debris,0.9234285989275102,Slide,0
MAN/SEN/83K03/2015/49,Manipur,Senapati,25.321019,94.067142,Debris,Debris,0.9584438388979201,Slide,1
NG/PHE/83K6/2015/297,Nagaland,Phek,25.566,94.26,Debris,Debris,0.8353871196958396,Other,1
AR/WS/82L16/2022/079,Arunachal Pradesh,West Siang,28.208389,94.830667,Debris,Debris,0.895998833248871,Slide,1
MIZ/SER/84A15/2025/132,Mizoram,Serchhip,23.293873,92.858395,Debris,Debris,0.630673477107074,Slide,0
NL/PER/83G14/2023/26,Nagaland,Peren,25.77308611,93.91128889,Rock,Rock,0.6023082922281702,Slide,1
MIZ/LUN/84A12/2025/047,Mizoram,Lunglei,23.200073,92.734654,Rock,Debris,0.4574118318904772,Slide,1
MEG/EKH/78O14/2020-21/1,Meghalaya,East Khasi Hills,25.62,91.88272222,Soil,Soil,0.42682803599819136,Slide,0
MEGH/EKH/78O14/2009/D-39,Meghalaya,East Khasi Hills,25.529056,91.923722,Debris,Debris,0.8174121136122163,Slide,1
MZ/LAW/84B15/2018/23,Mizoram,Lawngtlai,22.462999,92.877998,Debris,Debris,0.9659712684125684,Slide,1
MN/UKH/83L01/2018/31,Manipur,Ukhrul,24.913611,94.242028,Debris,Debris,0.8412779036429904,Slide,0
MAN/UKH/83K08/2015/050,Manipur,Ukhrul,25.186167,94.342889,Debris,Debris,0.9045557587116881,Slide,1
ASM/DH/83G4/2016/02,Assam,Dima Hasao,25.146778,93.030972,Debris,Debris,0.8681001272978452,Slide,0
7040,Nagaland,Phek,25.675017,94.229397,Debris,Debris,0.8455542244790811,Slide,0
AS/DIM/83G4/2015/18,Assam,Dima Hasao,25.12,93.02,Earth,Earth,0.8380852108535851,Slide,1
MZ/LAW/84B15/2018/14,Mizoram,Lawngtlai,22.469,92.876999,Debris,Debris,0.9616577386561928,Slide,1
MZ/AIZ/84A10/2014/08,Mizoram,Aizawl,23.50994,92.76861,Rock,Debris,0.5389213944174791,Slide,1
NG/LON/83J15/2017/27,Nagaland,Longleng,26.491389,94.824444,Debris,Debris,0.8966863817515237,Slide,0
MIZ/AZL/2024/490,Mizoram,Aizawl,23.45111111,92.68166667,Debris,Debris,0.9758653521239034,Slide,0
NA/MOK/83J06/2020/23,Nagaland,Mokokchung,26.55,94.44,Earth,Earth,0.5545334269146669,Slide,0
NG/PHE/83K6/2015/267,Nagaland,Phek,25.616,94.484,Debris,Debris,0.731379473949235,Slide,1
MN/UKH/83K12/2017/58,Manipur,Ukhrul,25.056,94.600667,Debris,Debris,0.689054103808491,Slide,0
ASM/DIM/83C15/2017/16,Assam,Dima Hasao,25.513567,92.784825,Debris,Debris,0.7207674693801724,Subsidence,0
MN/PZL/83H03/2020/8,Manipur,Pherzawl,24.31,93.12,Debris,Debris,0.9455096975808431,Slide,0
MIZ/AZL/2022/40,Mizoram,Aizawl,23.40041667,92.75269444,Other,Debris,0.5413335910179058,Slide,0
MG/EJH/83C11/2018/11,Meghalaya,East Jaintia Hills,25.339339,92.584781,Rock,Rock,0.4905123429759561,Fall,1
NAG/ZUN/83K09/2016/050,Nagaland,Kiphire,25.764292,94.714094,Debris,Debris,0.9608428674334132,Slide,1
NAG/TUN/83J16/2016/0033,Nagaland,Tuensang,26.200056,94.81905,Rock,Rock,0.7068642264552053,Slide,1
MIZ/LUNG/84A11/2025/215,Mizoram,Lunglei,23.251004,92.63667,Debris,Debris,0.8852166228324443,Flow,0
MIZ/AIZ/84A13/2016/133,Mizoram,Aizawl,23.812139,92.954167,Rock,Debris,0.6481976974368012,Slide,0
MZ/SAI/84F03/2020/31,Mizoram,Saiha,22.4,93.12,Rock,Rock,0.7838970984050602,Slide,1
MIZ/AIZ/84A09/2016/56,Mizoram,Aizawl,23.922639,92.736528,Debris,Rock,0.48671099009269486,Slide,1
6889,Meghalaya,East Khasi Hills,25.64887222,91.89692778,Debris,Debris,0.877568761206488,Slide,1
MZ/CHA/84E01/2017/42,Mizoram,Champhai,23.868279,93.222557,Debris,Debris,0.6843007036944594,Slide,0
MZ/AIZ/83D16/2016/73,Mizoram,Aizawl,24.028721,92.909301,Earth,Rock,0.5118244007813079,Slide,0
MG/WKH/78K15/2018/4,Meghalaya,West Khasi Hills,25.311336,90.969222,Debris,Debris,0.816210376062278,Slide,1
MAN/TAM/83G12/2017/0024,Manipur,Tamenglong,25.154917,93.711278,Debris,Debris,0.9249225383709829,Slide,1
MN/CDL/83L04/2020/30,Manipur,Chandel,24.13,94.11,Rock,Rock,0.8591309450459466,Slide,0
NG/PHE/83K14/2017/21,Nagaland,Phek,25.602511,94.891208,Debris,Debris,0.6529416384394794,Slide,1
MZ/SER/84A16/2018/46,Mizoram,Serchhip,23.217224,92.949684,Rock,Debris,0.5539973602768304,Slide,0
MN/NON/83H05/2018/41,Manipur,Noney,24.804167,93.471667,Debris,Debris,0.8931706108923916,Slide,0
MEG/WJH/83C4/2016/138,Meghalaya,East Jaintia Hills,25.282267,92.341433,Debris,Debris,0.872836664573964,Slide,1
MIZ/AZL/2024/448,Mizoram,Aizawl,23.54805556,92.70222222,Debris,Debris,0.9752762601825713,Slide,0
SKM/WS/78A08/2015/367,Sikkim,West Sikkim,27.216722,88.274639,Debris,Debris,0.951350035305352,Slide,1
